{"nm":"Heart_beat","ddd":0,"h":1000,"w":1000,"meta":{"g":"LottieFiles AE 3.1.1"},"layers":[{"ty":4,"nm":"Vena cava","sr":1,"st":0,"op":100,"ip":0,"hd":false,"ddd":0,"bm":0,"hasMask":false,"ao":0,"ks":{"a":{"a":0,"k":[-53.01,4.137,0],"ix":1},"s":{"a":1,"k":[{"o":{"x":0.333,"y":0},"i":{"x":0.667,"y":1},"s":[204.82,204.82,100],"t":1},{"o":{"x":0.333,"y":0},"i":{"x":0.667,"y":1},"s":[218.82,218.82,100],"t":4},{"o":{"x":0.333,"y":0},"i":{"x":0.667,"y":1},"s":[218.82,218.82,100],"t":8},{"s":[204.82,204.82,100],"t":10}],"ix":6},"sk":{"a":0,"k":0},"p":{"a":1,"k":[{"o":{"x":0.333,"y":0.333},"i":{"x":0.667,"y":0.667},"s":[384.003,509.052,0],"t":1,"ti":[0,0,0],"to":[0,0,0]},{"o":{"x":0.333,"y":0.333},"i":{"x":0.667,"y":0.667},"s":[384.003,509.052,0],"t":4,"ti":[0,0,0],"to":[0,0,0]},{"o":{"x":0.333,"y":0.333},"i":{"x":0.667,"y":0.667},"s":[384.003,509.052,0],"t":8,"ti":[0,0,0],"to":[0,0,0]},{"s":[384.003,509.052,0],"t":10}],"ix":2},"r":{"a":0,"k":0,"ix":10},"sa":{"a":0,"k":0},"o":{"a":0,"k":100,"ix":11}},"ef":[],"shapes":[{"ty":"gr","bm":0,"hd":false,"mn":"ADBE Vector Group","nm":"Group 1","ix":1,"cix":2,"np":2,"it":[{"ty":"gr","bm":0,"hd":false,"mn":"ADBE Vector Group","nm":"Group 1","ix":1,"cix":2,"np":2,"it":[{"ty":"sh","bm":0,"hd":false,"mn":"ADBE Vector Shape - Group","nm":"Path 1","ix":1,"d":1,"ks":{"a":0,"k":{"c":true,"i":[[2.639,4.52],[2.491,-1.454],[-2.639,-4.52],[-2.491,1.454]],"o":[[-2.639,-4.52],[-2.491,1.454],[2.639,4.52],[2.491,-1.454]],"v":[[-15.678,-109.806],[-24.966,-115.357],[-24.699,-104.539],[-15.411,-98.989]]},"ix":2}},{"ty":"fl","bm":0,"hd":false,"mn":"ADBE Vector Graphic - Fill","nm":"Fill 1","c":{"a":0,"k":[0,0.4902,0.2784],"ix":4},"r":1,"o":{"a":0,"k":100,"ix":5}},{"ty":"tr","a":{"a":0,"k":[0,0],"ix":1},"s":{"a":0,"k":[100,100],"ix":3},"sk":{"a":0,"k":0,"ix":4},"p":{"a":0,"k":[0,0],"ix":2},"r":{"a":0,"k":0,"ix":6},"sa":{"a":0,"k":0,"ix":5},"o":{"a":0,"k":100,"ix":7}}]},{"ty":"gr","bm":0,"hd":false,"mn":"ADBE Vector Group","nm":"Group 2","ix":2,"cix":2,"np":2,"it":[{"ty":"sh","bm":0,"hd":false,"mn":"ADBE Vector Shape - Group","nm":"Path 1","ix":1,"d":1,"ks":{"a":0,"k":{"c":true,"i":[[0.024,-0.051],[0,0],[-32.708,18.723],[-1.313,-0.758],[0.329,-8.118],[1.283,-0.741],[7.075,-8.481]],"o":[[0,0],[0.502,-1.104],[1.316,-0.753],[7.799,4.499],[-0.06,1.48],[-10.141,5.852],[-5.679,6.808]],"v":[[-47.355,-62.23],[-70.985,-73.074],[-25.835,-118.545],[-21.569,-118.551],[-11.074,-99.309],[-13.286,-95.769],[-39.217,-74.183]]},"ix":2}},{"ty":"fl","bm":0,"hd":false,"mn":"ADBE Vector Graphic - Fill","nm":"Fill 1","c":{"a":0,"k":[0.0039,1,0.451],"ix":4},"r":1,"o":{"a":0,"k":100,"ix":5}},{"ty":"tr","a":{"a":0,"k":[0,0],"ix":1},"s":{"a":0,"k":[100,100],"ix":3},"sk":{"a":0,"k":0,"ix":4},"p":{"a":0,"k":[0,0],"ix":2},"r":{"a":0,"k":0,"ix":6},"sa":{"a":0,"k":0,"ix":5},"o":{"a":0,"k":100,"ix":7}}]},{"ty":"tr","a":{"a":0,"k":[0,0],"ix":1},"s":{"a":0,"k":[100,100],"ix":3},"sk":{"a":0,"k":0,"ix":4},"p":{"a":0,"k":[0,0],"ix":2},"r":{"a":0,"k":0,"ix":6},"sa":{"a":0,"k":0,"ix":5},"o":{"a":0,"k":100,"ix":7}}]},{"ty":"gr","bm":0,"hd":false,"mn":"ADBE Vector Group","nm":"Group 2","ix":2,"cix":2,"np":1,"it":[{"ty":"gr","bm":0,"hd":false,"mn":"ADBE Vector Group","nm":"Group 1","ix":1,"cix":2,"np":2,"it":[{"ty":"sh","bm":0,"hd":false,"mn":"ADBE Vector Shape - Group","nm":"Path 1","ix":1,"d":1,"ks":{"a":0,"k":{"c":true,"i":[[0,0],[-0.398,35.356],[-1.509,16.833],[5.459,0.695],[5.87,-1.845],[0.002,-4.407],[-5.287,-17.808],[0,0]],"o":[[0,0],[-6.06,-22.994],[0.492,-5.481],[-6.234,-0.793],[-4.204,1.322],[-0.009,17.713],[-13.998,21.147],[0,0]],"v":[[-15.136,1.846],[-45.167,-66.667],[-46.806,-117.985],[-55.725,-129.017],[-73.868,-127.356],[-80.893,-117.673],[-76.833,-43.667],[-89,6.314]]},"ix":2}},{"ty":"fl","bm":0,"hd":false,"mn":"ADBE Vector Graphic - Fill","nm":"Fill 1","c":{"a":0,"k":[0.0039,1,0.451],"ix":4},"r":1,"o":{"a":0,"k":100,"ix":5}},{"ty":"tr","a":{"a":0,"k":[0,0],"ix":1},"s":{"a":0,"k":[100,100],"ix":3},"sk":{"a":0,"k":0,"ix":4},"p":{"a":0,"k":[0,0],"ix":2},"r":{"a":0,"k":0,"ix":6},"sa":{"a":0,"k":0,"ix":5},"o":{"a":0,"k":100,"ix":7}}]},{"ty":"tr","a":{"a":0,"k":[0,0],"ix":1},"s":{"a":0,"k":[100,100],"ix":3},"sk":{"a":0,"k":0,"ix":4},"p":{"a":0,"k":[0,0],"ix":2},"r":{"a":0,"k":0,"ix":6},"sa":{"a":0,"k":0,"ix":5},"o":{"a":0,"k":100,"ix":7}}]}],"ind":1},{"ty":4,"nm":"Right atrium","sr":1,"st":0,"op":100,"ip":0,"hd":false,"ddd":0,"bm":0,"hasMask":false,"ao":0,"ks":{"a":{"a":0,"k":[21.663,31.124,0],"ix":1},"s":{"a":0,"k":[218.82,218.82,100],"ix":6},"sk":{"a":0,"k":0},"p":{"a":0,"k":[547.404,568.105,0],"ix":2},"r":{"a":0,"k":0,"ix":10},"sa":{"a":0,"k":0},"o":{"a":0,"k":100,"ix":11}},"ef":[],"shapes":[{"ty":"gr","bm":0,"hd":false,"mn":"ADBE Vector Group","nm":"Right atrium","ix":1,"cix":2,"np":2,"it":[{"ty":"sh","bm":0,"hd":false,"mn":"ADBE Vector Shape - Group","nm":"Path 1","ix":1,"d":1,"ks":{"a":0,"k":{"c":true,"i":[[-3.368,9.77],[-8.065,-3.731],[2.091,-15.711],[14.674,11.534]],"o":[[2.451,-7.108],[11.24,5.2],[-2.976,22.359],[0.452,-0.233]],"v":[[35.565,-8.801],[46.063,-16.805],[74.235,16.324],[21.625,31.125]]},"ix":2}},{"ty":"fl","bm":0,"hd":false,"mn":"ADBE Vector Graphic - Fill","nm":"Fill 1","c":{"a":0,"k":[0.0039,1,0.451],"ix":4},"r":1,"o":{"a":0,"k":100,"ix":5}},{"ty":"tr","a":{"a":0,"k":[0,0],"ix":1},"s":{"a":1,"k":[{"o":{"x":0.167,"y":0.167},"i":{"x":0.833,"y":0.833},"s":[100,100],"t":10},{"o":{"x":0.167,"y":0.167},"i":{"x":0.833,"y":0.833},"s":[115.871,110.165],"t":12},{"s":[100,100],"t":20}],"ix":3},"sk":{"a":0,"k":0,"ix":4},"p":{"a":1,"k":[{"o":{"x":0.167,"y":0},"i":{"x":0.833,"y":1},"s":[0,0],"t":10,"ti":[0,0],"to":[0,0]},{"o":{"x":0.167,"y":0.165},"i":{"x":0.833,"y":0.835},"s":[-4.408,-0.649],"t":12,"ti":[0,0],"to":[0,0]},{"s":[0,0],"t":20}],"ix":2},"r":{"a":0,"k":0,"ix":6},"sa":{"a":0,"k":0,"ix":5},"o":{"a":0,"k":100,"ix":7}}]}],"ind":2},{"ty":4,"nm":"pulmonary atery","sr":1,"st":0,"op":100,"ip":0,"hd":false,"ddd":0,"bm":0,"hasMask":false,"ao":0,"ks":{"a":{"a":0,"k":[-3.635,37.146,0],"ix":1},"s":{"a":1,"k":[{"o":{"x":0.167,"y":0.167},"i":{"x":0.833,"y":0.833},"s":[218.82,218.82,100],"t":7},{"o":{"x":0.167,"y":0.167},"i":{"x":0.833,"y":0.833},"s":[226.82,226.82,100],"t":9},{"s":[218.82,218.82,100],"t":12}],"ix":6},"sk":{"a":0,"k":0},"p":{"a":1,"k":[{"o":{"x":0.167,"y":0.167},"i":{"x":0.833,"y":0.833},"s":[492.046,581.282,0],"t":7,"ti":[0,0,0],"to":[0,0,0]},{"o":{"x":0.167,"y":0.167},"i":{"x":0.833,"y":0.833},"s":[492.046,581.282,0],"t":9,"ti":[0,0,0],"to":[0,0,0]},{"s":[492.046,581.282,0],"t":12}],"ix":2},"r":{"a":0,"k":0,"ix":10},"sa":{"a":0,"k":0},"o":{"a":0,"k":100,"ix":11}},"ef":[],"shapes":[{"ty":"gr","bm":0,"hd":false,"mn":"ADBE Vector Group","nm":"Group 1","ix":1,"cix":2,"np":2,"it":[{"ty":"sh","bm":0,"hd":false,"mn":"ADBE Vector Shape - Group","nm":"Path 1","ix":1,"d":1,"ks":{"a":0,"k":{"c":true,"i":[[0.27,-6.252],[2.132,0.092],[-0.27,6.252],[-2.132,-0.092]],"o":[[-0.27,6.252],[-2.132,-0.092],[0.27,-6.252],[2.132,0.092]],"v":[[75.246,-41.956],[70.896,-30.802],[67.524,-42.289],[71.874,-53.443]]},"ix":2}},{"ty":"fl","bm":0,"hd":false,"mn":"ADBE Vector Graphic - Fill","nm":"Fill 1","c":{"a":0,"k":[0,0.4902,0.2784],"ix":4},"r":1,"o":{"a":0,"k":100,"ix":5}},{"ty":"tr","a":{"a":0,"k":[0,0],"ix":1},"s":{"a":0,"k":[100,100],"ix":3},"sk":{"a":0,"k":0,"ix":4},"p":{"a":0,"k":[0,0],"ix":2},"r":{"a":0,"k":0,"ix":6},"sa":{"a":0,"k":0,"ix":5},"o":{"a":0,"k":100,"ix":7}}]},{"ty":"gr","bm":0,"hd":false,"mn":"ADBE Vector Group","nm":"Group 2","ix":2,"cix":2,"np":2,"it":[{"ty":"sh","bm":0,"hd":false,"mn":"ADBE Vector Shape - Group","nm":"Path 1","ix":1,"d":1,"ks":{"a":0,"k":{"c":true,"i":[[-4.489,4.942],[-4.112,-10.795],[-27.087,-4.946],[-0.491,-1.124],[3.857,-5.389],[1.431,0.315],[5.755,-6.395],[-1.83,-12.265],[0,0],[0,0],[5.587,14.061],[8.273,17.009]],"o":[[12.187,4.005],[11.101,-8.645],[1.207,0.22],[3.386,7.758],[-0.853,1.192],[-10.267,-2.258],[-2.946,13.184],[0,0],[0,0],[1.882,-11.333],[6.001,-4.236],[1.491,-11.511]],"v":[[-1.517,-62.045],[20.368,-37.688],[73.161,-57.782],[75.924,-55.65],[74.098,-28.159],[70.28,-26.771],[38.842,-17.068],[40.136,18.79],[16.132,34.322],[-3.635,37.146],[-19.167,17.731],[-9.084,-35.283]]},"ix":2}},{"ty":"gf","bm":0,"hd":false,"mn":"ADBE Vector Graphic - G-Fill","nm":"Gradient Fill 1","e":{"a":0,"k":[28.5,-62.191],"ix":6},"g":{"p":3,"k":{"a":0,"k":[0,0,0.43137254901960786,0.19215686274509805,0.5,0,0.43137254901960786,0.19215686274509805,1,0,0.43137254901960786,0.19215686274509805],"ix":9}},"t":1,"a":{"a":0,"k":0},"h":{"a":0,"k":0},"s":{"a":0,"k":[28.5,37],"ix":5},"r":1,"o":{"a":0,"k":100,"ix":10}},{"ty":"tr","a":{"a":0,"k":[0,0],"ix":1},"s":{"a":0,"k":[100,100],"ix":3},"sk":{"a":0,"k":0,"ix":4},"p":{"a":0,"k":[0,0],"ix":2},"r":{"a":0,"k":0,"ix":6},"sa":{"a":0,"k":0,"ix":5},"o":{"a":0,"k":100,"ix":7}}]}],"ind":3},{"ty":4,"nm":"Veins","sr":1,"st":0,"op":100,"ip":0,"hd":false,"ddd":0,"bm":0,"hasMask":false,"ao":0,"ks":{"a":{"a":0,"k":[27.432,15.659,0],"ix":1},"s":{"a":1,"k":[{"o":{"x":0.333,"y":0},"i":{"x":0.667,"y":1},"s":[218.82,218.82,100],"t":10},{"o":{"x":0.333,"y":0},"i":{"x":0.667,"y":1},"s":[239.82,239.82,100],"t":12},{"s":[218.82,218.82,100],"t":18}],"ix":6},"sk":{"a":0,"k":0},"p":{"a":0,"k":[560.026,534.264,0],"ix":2},"r":{"a":0,"k":0,"ix":10},"sa":{"a":0,"k":0},"o":{"a":0,"k":100,"ix":11}},"ef":[],"shapes":[{"ty":"gr","bm":0,"hd":false,"mn":"ADBE Vector Group","nm":"Group 1","ix":1,"cix":2,"np":2,"it":[{"ty":"sh","bm":0,"hd":false,"mn":"ADBE Vector Shape - Group","nm":"Path 1","ix":1,"d":1,"ks":{"a":0,"k":{"c":true,"i":[[0,0],[0.023,-6.951],[0,0],[0,0],[-0.1,-0.814],[-1.947,-2.657],[-0.574,-0.594],[0,0],[-1.244,-1.324],[-0.723,-3.539],[0.07,-1.754],[0,0],[-0.075,-0.828],[-0.798,-1.504],[-0.544,-0.666],[-0.575,-0.649],[0.636,0.609],[0.48,0.747],[0.264,1.786],[0.033,0.854],[0,0],[0.429,1.625],[2.28,2.407],[1.218,1.213],[0,0],[0.56,0.72],[0.544,3.63],[0.038,0.906],[0,0],[0,0],[0.357,6.938]],"o":[[-0.103,6.954],[0,0],[0,0],[-0.003,0.829],[0.344,3.263],[0.49,0.663],[0,0],[1.225,1.256],[2.422,2.707],[0.377,1.757],[0,0],[-0.028,0.882],[0.14,1.664],[0.4,0.751],[0.552,0.657],[-0.645,-0.587],[-0.631,-0.613],[-0.965,-1.489],[-0.144,-0.898],[0,0],[-0.017,-1.72],[-0.833,-3.235],[-1.152,-1.191],[0,0],[-0.643,-0.646],[-2.235,-2.891],[-0.154,-0.906],[0,0],[0,0],[-0.278,-6.941],[0,0]],"v":[[26.168,42.465],[26.02,63.322],[25.999,68.535],[25.989,71.139],[26.096,73.599],[29.669,82.672],[31.265,84.562],[33.082,86.414],[36.751,90.168],[41.626,99.743],[42.051,105.089],[41.968,107.694],[41.963,110.24],[43.367,115.063],[44.787,117.194],[46.516,119.141],[44.58,117.384],[42.909,115.333],[41.016,110.351],[40.833,107.694],[40.749,105.089],[40.11,100.096],[35.363,91.445],[31.694,87.801],[29.835,85.961],[28.035,83.904],[23.809,73.9],[23.561,71.166],[23.455,68.56],[23.243,63.354],[22.332,42.535]]},"ix":2}},{"ty":"fl","bm":0,"hd":false,"mn":"ADBE Vector Graphic - Fill","nm":"Fill 1","c":{"a":0,"k":[0.0039,1,0.451],"ix":4},"r":1,"o":{"a":0,"k":100,"ix":5}},{"ty":"tr","a":{"a":0,"k":[0,0],"ix":1},"s":{"a":0,"k":[100,100],"ix":3},"sk":{"a":0,"k":0,"ix":4},"p":{"a":0,"k":[0,0],"ix":2},"r":{"a":0,"k":0,"ix":6},"sa":{"a":0,"k":0,"ix":5},"o":{"a":0,"k":100,"ix":7}}]},{"ty":"gr","bm":0,"hd":false,"mn":"ADBE Vector Group","nm":"Group 2","ix":2,"cix":2,"np":2,"it":[{"ty":"sh","bm":0,"hd":false,"mn":"ADBE Vector Shape - Group","nm":"Path 1","ix":1,"d":1,"ks":{"a":0,"k":{"c":true,"i":[[0,0],[0.237,-9.675],[0,0],[0,0],[0.077,-0.643],[0.882,-2.416],[1.431,-2.122],[0.854,-0.952],[0.443,-0.461],[0,0],[0,0],[0.683,-0.9],[0.482,-1],[0.106,-2.233],[0,0],[0.053,-0.623],[0.257,-1.221],[0.957,-2.292],[1.388,-2.039],[1.756,-1.704],[1.8,-1.628],[0,0],[-1.192,2.051],[-0.708,4.631],[-0.069,1.165],[0.008,0.584],[0,0],[-1.079,2.385],[-0.776,1.057],[-0.819,0.822],[0,0],[0,0],[-0.359,0.443],[-0.621,0.954],[-0.656,2.173],[-0.089,2.251],[-0.01,0.561],[0,0],[0,0],[0.349,9.675]],"o":[[-0.349,9.675],[0,0],[0,0],[-0.039,0.647],[-0.224,2.577],[-0.857,2.424],[-0.738,1.046],[-0.411,0.49],[0,0],[0,0],[-0.904,0.873],[-0.674,0.878],[-0.976,1.995],[0,0],[-0.012,0.626],[-0.121,1.245],[-0.504,2.445],[-0.968,2.288],[-1.383,2.043],[-1.759,1.698],[0,0],[1.554,-1.823],[2.351,-4.122],[0.184,-1.157],[0.031,-0.583],[0,0],[0.042,-2.602],[0.542,-1.191],[0.753,-1.051],[0,0],[0,0],[0.388,-0.418],[0.751,-0.858],[1.204,-1.931],[0.677,-2.164],[0.043,-0.562],[0,0],[0,0],[-0.237,-9.675],[0,0]],"v":[[27.118,15.545],[26.24,44.571],[26.155,48.199],[26.111,50.017],[25.996,51.954],[24.33,59.486],[20.857,66.331],[18.507,69.362],[17.2,70.764],[15.904,72.051],[10.745,77.155],[8.428,79.654],[6.684,82.48],[5.033,88.909],[4.959,90.724],[4.823,92.596],[4.248,96.298],[2.048,103.424],[-1.519,109.925],[-6.269,115.548],[-11.677,120.42],[-6.865,114.988],[-2.76,109.144],[1.888,95.875],[2.248,92.386],[2.32,90.637],[2.337,88.825],[4.037,81.237],[6.025,77.855],[8.567,74.977],[13.671,69.818],[14.932,68.532],[16.08,67.263],[18.117,64.522],[20.985,58.359],[22.134,51.697],[22.155,50.01],[22.114,48.199],[22.029,44.571],[21.15,15.545]]},"ix":2}},{"ty":"fl","bm":0,"hd":false,"mn":"ADBE Vector Graphic - Fill","nm":"Fill 1","c":{"a":0,"k":[0.0039,1,0.451],"ix":4},"r":1,"o":{"a":0,"k":100,"ix":5}},{"ty":"tr","a":{"a":0,"k":[0,0],"ix":1},"s":{"a":0,"k":[100,100],"ix":3},"sk":{"a":0,"k":0,"ix":4},"p":{"a":0,"k":[0,0],"ix":2},"r":{"a":0,"k":0,"ix":6},"sa":{"a":0,"k":0,"ix":5},"o":{"a":0,"k":100,"ix":7}}]}],"ind":4},{"ty":4,"nm":"Left atrium","sr":1,"st":0,"op":100,"ip":0,"hd":false,"ddd":0,"bm":0,"hasMask":false,"ao":0,"ks":{"a":{"a":0,"k":[0,0,0],"ix":1},"s":{"a":0,"k":[218.82,218.82,100],"ix":6},"sk":{"a":0,"k":0},"p":{"a":0,"k":[500,500,0],"ix":2},"r":{"a":0,"k":0,"ix":10},"sa":{"a":0,"k":0},"o":{"a":0,"k":100,"ix":11}},"ef":[],"shapes":[{"ty":"gr","bm":0,"hd":false,"mn":"ADBE Vector Group","nm":"Left atrium","ix":1,"cix":2,"np":2,"it":[{"ty":"sh","bm":0,"hd":false,"mn":"ADBE Vector Shape - Group","nm":"Path 1","ix":1,"d":1,"ks":{"a":1,"k":[{"o":{"x":0.167,"y":0},"i":{"x":0.833,"y":1},"s":[{"c":true,"i":[[-0.13,-0.023],[-0.483,15.004],[-2.407,4.32],[-33.5,0],[-15.667,0],[1.438,-3.836]],"o":[[-2.793,-1.862],[0.181,-5.609],[0.071,-0.128],[-5.28,15.84],[4.161,0],[-61.12,6.721]],"v":[[-81.431,34.005],[-89.499,0.566],[-85.859,-14.754],[-44.93,-52.24],[-7.84,-0.122],[-3.044,15.545]]}],"t":0},{"o":{"x":0.167,"y":0},"i":{"x":0.833,"y":1},"s":[{"c":true,"i":[[-0.13,-0.023],[2.479,20.454],[-7.877,14.651],[-14.39,-3.272],[-15.667,0],[1.438,-3.836]],"o":[[-2.918,-1.945],[-0.781,-6.442],[12.34,-22.952],[-5.28,15.84],[4.161,0],[-61.12,6.721]],"v":[[-83.123,37.973],[-94.91,8.083],[-85.975,-35.244],[-44.93,-52.24],[-7.84,-0.122],[-3.044,15.545]]}],"t":2},{"o":{"x":0.167,"y":0},"i":{"x":0.833,"y":1},"s":[{"c":true,"i":[[-0.13,-0.023],[-2.865,13.369],[-2.407,4.32],[-33.5,0],[-15.667,0],[1.438,-3.836]],"o":[[-2.793,-1.862],[1.071,-4.998],[0.071,-0.128],[-5.28,15.84],[4.161,0],[-61.12,6.721]],"v":[[-89.693,28.335],[-91.002,-0.465],[-85.859,-14.754],[-44.93,-52.24],[-7.84,-0.122],[-3.044,15.545]]}],"t":5},{"s":[{"c":true,"i":[[-0.13,-0.023],[-1.094,14.703],[-2.407,4.32],[-33.5,0],[-15.667,0],[1.438,-3.836]],"o":[[-2.793,-1.862],[0.409,-5.497],[0.071,-0.128],[-5.28,15.84],[4.161,0],[-61.12,6.721]],"v":[[-83.549,32.961],[-89.885,0.376],[-85.859,-14.754],[-44.93,-52.24],[-7.84,-0.122],[-3.044,15.545]]}],"t":8}],"ix":2}},{"ty":"fl","bm":0,"hd":false,"mn":"ADBE Vector Graphic - Fill","nm":"Fill 1","c":{"a":0,"k":[0.0039,1,0.451],"ix":4},"r":1,"o":{"a":0,"k":100,"ix":5}},{"ty":"tr","a":{"a":0,"k":[0,0],"ix":1},"s":{"a":0,"k":[107.855,76.563],"ix":3},"sk":{"a":0,"k":0,"ix":4},"p":{"a":0,"k":[0,0],"ix":2},"r":{"a":0,"k":0,"ix":6},"sa":{"a":0,"k":0,"ix":5},"o":{"a":0,"k":100,"ix":7}}]}],"ind":5},{"ty":4,"nm":"Aorta","sr":1,"st":0,"op":100,"ip":0,"hd":false,"ddd":0,"bm":0,"hasMask":false,"ao":0,"ks":{"a":{"a":0,"k":[0,0,0],"ix":1},"s":{"a":1,"k":[{"o":{"x":0.333,"y":0},"i":{"x":0.667,"y":1},"s":[218.82,218.82,100],"t":7},{"o":{"x":0.333,"y":0},"i":{"x":0.667,"y":1},"s":[231.82,231.82,100],"t":9},{"s":[218.82,218.82,100],"t":11}],"ix":6},"sk":{"a":0,"k":0},"p":{"a":1,"k":[{"o":{"x":0.333,"y":0.333},"i":{"x":0.667,"y":0.667},"s":[500,500,0],"t":7,"ti":[0,0,0],"to":[0,0,0]},{"o":{"x":0.333,"y":0.333},"i":{"x":0.667,"y":0.667},"s":[500,500,0],"t":9,"ti":[0,0,0],"to":[0,0,0]},{"s":[500,500,0],"t":11}],"ix":2},"r":{"a":0,"k":0,"ix":10},"sa":{"a":0,"k":0},"o":{"a":0,"k":100,"ix":11}},"ef":[],"shapes":[{"ty":"gr","bm":0,"hd":false,"mn":"ADBE Vector Group","nm":"Group 1","ix":1,"cix":2,"np":2,"it":[{"ty":"sh","bm":0,"hd":false,"mn":"ADBE Vector Shape - Group","nm":"Path 1","ix":1,"d":1,"ks":{"a":0,"k":{"c":true,"i":[[-2.919,-2.468],[0.945,-1.117],[2.919,2.468],[-0.945,1.117]],"o":[[2.919,2.468],[-0.945,1.117],[-2.919,-2.468],[0.945,-1.117]],"v":[[43.478,-119.503],[47.052,-113.012],[40.057,-115.458],[36.483,-121.95]]},"ix":2}},{"ty":"fl","bm":0,"hd":false,"mn":"ADBE Vector Graphic - Fill","nm":"Fill 1","c":{"a":0,"k":[0,0.4902,0.2784],"ix":4},"r":1,"o":{"a":0,"k":100,"ix":5}},{"ty":"tr","a":{"a":0,"k":[0,0],"ix":1},"s":{"a":0,"k":[100,100],"ix":3},"sk":{"a":0,"k":0,"ix":4},"p":{"a":0,"k":[0,0],"ix":2},"r":{"a":0,"k":0,"ix":6},"sa":{"a":0,"k":0,"ix":5},"o":{"a":0,"k":100,"ix":7}}]},{"ty":"gr","bm":0,"hd":false,"mn":"ADBE Vector Group","nm":"Group 2","ix":2,"cix":2,"np":2,"it":[{"ty":"sh","bm":0,"hd":false,"mn":"ADBE Vector Shape - Group","nm":"Path 1","ix":1,"d":1,"ks":{"a":0,"k":{"c":true,"i":[[-4.265,2.484],[-1.498,-2.573],[4.265,-2.484],[1.498,2.573]],"o":[[4.265,-2.484],[1.498,2.573],[-4.265,2.484],[-1.498,-2.573]],"v":[[-32.879,-124.799],[-22.443,-124.637],[-27.453,-115.481],[-37.889,-115.643]]},"ix":2}},{"ty":"fl","bm":0,"hd":false,"mn":"ADBE Vector Graphic - Fill","nm":"Fill 1","c":{"a":0,"k":[0,0.4902,0.2784],"ix":4},"r":1,"o":{"a":0,"k":100,"ix":5}},{"ty":"tr","a":{"a":0,"k":[0,0],"ix":1},"s":{"a":0,"k":[100,100],"ix":3},"sk":{"a":0,"k":0,"ix":4},"p":{"a":0,"k":[0,0],"ix":2},"r":{"a":0,"k":0,"ix":6},"sa":{"a":0,"k":0,"ix":5},"o":{"a":0,"k":100,"ix":7}}]},{"ty":"gr","bm":0,"hd":false,"mn":"ADBE Vector Group","nm":"Group 3","ix":3,"cix":2,"np":2,"it":[{"ty":"sh","bm":0,"hd":false,"mn":"ADBE Vector Shape - Group","nm":"Path 1","ix":1,"d":1,"ks":{"a":0,"k":{"c":true,"i":[[-4.626,-1.721],[0.704,-1.892],[4.626,1.721],[-0.704,1.892]],"o":[[4.626,1.721],[-0.704,1.892],[-4.626,-1.721],[0.704,-1.892]],"v":[[13.894,-136.534],[20.996,-129.991],[11.345,-129.681],[4.243,-136.224]]},"ix":2}},{"ty":"fl","bm":0,"hd":false,"mn":"ADBE Vector Graphic - Fill","nm":"Fill 1","c":{"a":0,"k":[0,0.4902,0.2784],"ix":4},"r":1,"o":{"a":0,"k":100,"ix":5}},{"ty":"tr","a":{"a":0,"k":[0,0],"ix":1},"s":{"a":0,"k":[100,100],"ix":3},"sk":{"a":0,"k":0,"ix":4},"p":{"a":0,"k":[0,0],"ix":2},"r":{"a":0,"k":0,"ix":6},"sa":{"a":0,"k":0,"ix":5},"o":{"a":0,"k":100,"ix":7}}]},{"ty":"gr","bm":0,"hd":false,"mn":"ADBE Vector Group","nm":"Group 4","ix":4,"cix":2,"np":2,"it":[{"ty":"sh","bm":0,"hd":false,"mn":"ADBE Vector Shape - Group","nm":"Path 1","ix":1,"d":1,"ks":{"a":0,"k":{"c":true,"i":[[0.918,-11.883],[0,0],[-7.05,8.621],[2.333,3.359],[3.749,0.549],[2.011,-2.17]],"o":[[0,0],[2.439,-11.059],[2.589,-3.166],[-2.126,-3.06],[-2.927,-0.429],[-8.926,9.63]],"v":[[15.021,-88.22],[33.804,-79.662],[47.303,-107.581],[47.962,-118.627],[38.762,-124.733],[30.915,-121.733]]},"ix":2}},{"ty":"fl","bm":0,"hd":false,"mn":"ADBE Vector Graphic - Fill","nm":"Fill 1","c":{"a":0,"k":[0,0.6784,0.3843],"ix":4},"r":1,"o":{"a":0,"k":100,"ix":5}},{"ty":"tr","a":{"a":0,"k":[0,0],"ix":1},"s":{"a":0,"k":[100,100],"ix":3},"sk":{"a":0,"k":0,"ix":4},"p":{"a":0,"k":[0,0],"ix":2},"r":{"a":0,"k":0,"ix":6},"sa":{"a":0,"k":0,"ix":5},"o":{"a":0,"k":100,"ix":7}}]},{"ty":"gr","bm":0,"hd":false,"mn":"ADBE Vector Group","nm":"Group 5","ix":5,"cix":2,"np":2,"it":[{"ty":"sh","bm":0,"hd":false,"mn":"ADBE Vector Shape - Group","nm":"Path 1","ix":1,"d":1,"ks":{"a":0,"k":{"c":true,"i":[[-2.205,-11.435],[0,0],[-3.826,10.017],[3.618,2.231],[4.427,-0.375],[1.363,-2.704]],"o":[[0,0],[-0.534,-10.57],[1.516,-3.97],[-4.254,-2.622],[-3.017,0.256],[-5.772,11.447]],"v":[[-5.694,-100.044],[18.848,-95.062],[23.429,-125.989],[19.828,-136.692],[7.409,-140.588],[0.363,-135.765]]},"ix":2}},{"ty":"fl","bm":0,"hd":false,"mn":"ADBE Vector Graphic - Fill","nm":"Fill 1","c":{"a":0,"k":[0,0.6784,0.3843],"ix":4},"r":1,"o":{"a":0,"k":100,"ix":5}},{"ty":"tr","a":{"a":0,"k":[0,0],"ix":1},"s":{"a":0,"k":[100,100],"ix":3},"sk":{"a":0,"k":0,"ix":4},"p":{"a":0,"k":[0,0],"ix":2},"r":{"a":0,"k":0,"ix":6},"sa":{"a":0,"k":0,"ix":5},"o":{"a":0,"k":100,"ix":7}}]},{"ty":"gr","bm":0,"hd":false,"mn":"ADBE Vector Group","nm":"Group 6","ix":6,"cix":2,"np":2,"it":[{"ty":"sh","bm":0,"hd":false,"mn":"ADBE Vector Shape - Group","nm":"Path 1","ix":1,"d":1,"ks":{"a":0,"k":{"c":true,"i":[[-1.546,-10.512],[0,0],[5.699,7.501],[-5.562,4.044],[-2.204,0.824],[-3.342,-4.013]],"o":[[0,0],[-2.653,-9.02],[-4.16,-5.475],[1.979,-1.439],[4.892,-1.83],[7.048,8.463]],"v":[[-5.986,-96.241],[-27.508,-83.436],[-39.81,-108.33],[-37.565,-125.762],[-31.301,-129.185],[-17.535,-125.471]]},"ix":2}},{"ty":"fl","bm":0,"hd":false,"mn":"ADBE Vector Graphic - Fill","nm":"Fill 1","c":{"a":0,"k":[0,0.6784,0.3843],"ix":4},"r":1,"o":{"a":0,"k":100,"ix":5}},{"ty":"tr","a":{"a":0,"k":[0,0],"ix":1},"s":{"a":0,"k":[100,100],"ix":3},"sk":{"a":0,"k":0,"ix":4},"p":{"a":0,"k":[0,0],"ix":2},"r":{"a":0,"k":0,"ix":6},"sa":{"a":0,"k":0,"ix":5},"o":{"a":0,"k":100,"ix":7}}]},{"ty":"gr","bm":0,"hd":false,"mn":"ADBE Vector Group","nm":"Group 7","ix":7,"cix":2,"np":1,"it":[{"ty":"gr","bm":0,"hd":false,"mn":"ADBE Vector Group","nm":"Group 1","ix":1,"cix":2,"np":2,"it":[{"ty":"sh","bm":0,"hd":false,"mn":"ADBE Vector Shape - Group","nm":"Path 1","ix":1,"d":1,"ks":{"a":0,"k":{"c":true,"i":[[12.928,0],[0.603,0.043],[-0.979,13.7],[0,0],[-22.187,17.609],[-11.853,-1.887],[3.498,-20.209],[0,0],[0,0],[8.597,3.59],[1.737,-9.161],[0.6,-8.401],[0,0]],"o":[[-0.595,0],[-13.699,-0.978],[0,0],[2.396,-33.547],[9.333,-7.405],[33.913,5.396],[0,0],[0,0],[-0.413,-1.149],[-1.372,2.903],[-2.218,11.698],[0,0],[-0.935,13.097]],"v":[[-32.431,12.845],[-36.285,13.923],[-58.976,-6.827],[-58.947,-7.241],[-29.953,-95.661],[2.895,-104.222],[43.964,-34.156],[28.03,-24.051],[0.826,-41.54],[-0.563,-53.87],[-5.611,-36.494],[-0.34,-7.34],[-1.894,0.821]]},"ix":2}},{"ty":"gf","bm":0,"hd":false,"mn":"ADBE Vector Graphic - G-Fill","nm":"Gradient Fill 1","e":{"a":0,"k":[-7.5,-105.582],"ix":6},"g":{"p":3,"k":{"a":0,"k":[0,0,0.49019607843137253,0.2784313725490196,0.5,0,0.6666666666666666,0.3764705882352941,1,0.6235294117647059,1,0.792156862745098],"ix":9}},"t":1,"a":{"a":0,"k":0},"h":{"a":0,"k":0},"s":{"a":0,"k":[-7.5,19],"ix":5},"r":1,"o":{"a":0,"k":100,"ix":10}},{"ty":"tr","a":{"a":0,"k":[0,0],"ix":1},"s":{"a":0,"k":[100,100],"ix":3},"sk":{"a":0,"k":0,"ix":4},"p":{"a":0,"k":[0,0],"ix":2},"r":{"a":0,"k":0,"ix":6},"sa":{"a":0,"k":0,"ix":5},"o":{"a":0,"k":100,"ix":7}}]},{"ty":"tr","a":{"a":0,"k":[0,0],"ix":1},"s":{"a":0,"k":[100,100],"ix":3},"sk":{"a":0,"k":0,"ix":4},"p":{"a":0,"k":[0,0],"ix":2},"r":{"a":0,"k":0,"ix":6},"sa":{"a":0,"k":0,"ix":5},"o":{"a":0,"k":100,"ix":7}}]}],"ind":6},{"ty":4,"nm":"Heart","sr":1,"st":0,"op":100,"ip":0,"hd":false,"ddd":0,"bm":0,"hasMask":false,"ao":0,"ks":{"a":{"a":0,"k":[0,0,0],"ix":1},"s":{"a":0,"k":[218.82,218.82,100],"ix":6},"sk":{"a":0,"k":0},"p":{"a":0,"k":[500,500,0],"ix":2},"r":{"a":0,"k":0,"ix":10},"sa":{"a":0,"k":0},"o":{"a":0,"k":100,"ix":11}},"ef":[],"shapes":[{"ty":"gr","bm":0,"hd":false,"mn":"ADBE Vector Group","nm":"Heart","ix":1,"cix":2,"np":2,"it":[{"ty":"sh","bm":0,"hd":false,"mn":"ADBE Vector Shape - Group","nm":"Path 1","ix":1,"d":1,"ks":{"a":1,"k":[{"o":{"x":0.333,"y":0},"i":{"x":0.667,"y":1},"s":[{"c":true,"i":[[21.304,-28.676],[22.568,10.37],[14.457,27.156],[-22.775,24.302],[-40.814,-14.855],[3.62,-35.522]],"o":[[-22.626,4.594],[-51.738,-3.665],[-21.165,-32.211],[26.984,-21.237],[31.323,1.639],[16.207,34.422]],"v":[[65.061,152.394],[-2.724,142.162],[-82.019,83.33],[-70.509,0.198],[34.366,-1.081],[72.735,57.751]]}],"t":4},{"o":{"x":0.333,"y":0},"i":{"x":0.833,"y":1},"s":[{"c":true,"i":[[21.304,-28.676],[22.568,10.37],[14.457,27.156],[-31.858,-7.053],[-40.814,-14.855],[3.62,-35.522]],"o":[[-22.626,4.594],[-51.738,-3.665],[-44.569,-28.491],[26.984,-21.237],[31.323,1.639],[16.207,34.422]],"v":[[65.061,152.394],[-2.724,142.162],[-85.218,85.615],[-75.079,-6.2],[34.366,-1.081],[72.735,57.751]]}],"t":6},{"o":{"x":0.167,"y":0},"i":{"x":0.833,"y":1},"s":[{"c":true,"i":[[21.304,-28.676],[22.568,10.37],[-1.532,39.385],[-39.671,24.7],[-40.814,-14.855],[3.62,-35.522]],"o":[[-22.626,4.594],[-55.489,7.122],[-15,-28.75],[26.984,-21.237],[31.323,1.639],[16.207,34.422]],"v":[[65.061,152.394],[-2.724,142.162],[-80.5,87],[-63.75,-7.25],[34.366,-1.081],[72.735,57.751]]}],"t":8},{"o":{"x":0.167,"y":0},"i":{"x":0.667,"y":1},"s":[{"c":true,"i":[[21.304,-28.676],[22.568,10.37],[8.769,30.658],[-39.671,24.7],[-40.814,-14.855],[11.405,-45.06]],"o":[[-22.626,4.594],[-45.7,-1.176],[-16,-30.75],[26.984,-21.237],[40.729,-9.883],[16.207,34.422]],"v":[[65.197,152.419],[-2.588,142.187],[-80.25,87.25],[-63.75,-6.25],[34.502,-1.056],[80.636,57.775]]}],"t":10},{"o":{"x":0.333,"y":0},"i":{"x":0.667,"y":1},"s":[{"c":true,"i":[[27.761,-26.724],[12.724,20.588],[8.769,30.658],[-39.671,24.7],[-40.814,-14.855],[-0.932,-35.948]],"o":[[-22.626,4.594],[-45.7,-1.176],[-13.5,-25.25],[26.984,-21.237],[29.26,-1.521],[27.459,37.825]],"v":[[68.636,162.775],[-2.588,142.187],[-80.75,88],[-64.5,-5],[34.502,-1.056],[85.136,58.025]]}],"t":12},{"s":[{"c":true,"i":[[21.304,-28.676],[22.568,10.37],[14.457,27.156],[-22.775,24.302],[-40.814,-14.855],[3.62,-35.522]],"o":[[-22.626,4.594],[-51.738,-3.665],[-21.165,-32.211],[26.984,-21.237],[31.323,1.639],[16.207,34.422]],"v":[[65.061,152.394],[-2.724,142.162],[-82.019,83.33],[-70.509,0.198],[34.366,-1.081],[72.735,57.751]]}],"t":20}],"ix":2}},{"ty":"fl","bm":0,"hd":false,"mn":"ADBE Vector Graphic - Fill","nm":"Fill 1","c":{"a":0,"k":[0,0.4314,0.1922],"ix":4},"r":1,"o":{"a":0,"k":100,"ix":5}},{"ty":"tr","a":{"a":0,"k":[0,0],"ix":1},"s":{"a":0,"k":[100,100],"ix":3},"sk":{"a":0,"k":0,"ix":4},"p":{"a":0,"k":[0.136,0.025],"ix":2},"r":{"a":0,"k":0,"ix":6},"sa":{"a":0,"k":0,"ix":5},"o":{"a":0,"k":100,"ix":7}}]}],"ind":7},{"ty":4,"nm":"pulmonary atery behind","sr":1,"st":0,"op":100,"ip":0,"hd":false,"ddd":0,"bm":0,"hasMask":false,"ao":0,"ks":{"a":{"a":0,"k":[0,0,0],"ix":1},"s":{"a":0,"k":[100,100,100],"ix":6},"sk":{"a":0,"k":0},"p":{"a":0,"k":[0,0,0],"ix":2},"r":{"a":0,"k":0,"ix":10},"sa":{"a":0,"k":0},"o":{"a":0,"k":100,"ix":11}},"ef":[],"shapes":[{"ty":"gr","bm":0,"hd":false,"mn":"ADBE Vector Group","nm":"pulmonary atery behind","ix":1,"cix":2,"np":2,"it":[{"ty":"sh","bm":0,"hd":false,"mn":"ADBE Vector Shape - Group","nm":"Path 1","ix":1,"d":1,"ks":{"a":0,"k":{"c":true,"i":[[-0.033,-0.036],[0,0],[29.485,-4.406],[24.029,2.709],[0.808,-2.53],[-0.614,-3.468],[-2.447,-0.286],[-7.457,-3.654],[10.473,-2.063],[0.398,-3.444],[-2.604,-4.111],[-3.22,0.637],[-0.144,-0.097],[0,0],[0,0]],"o":[[0,0],[-0.36,-0.389],[-10.201,-7.869],[-2.64,-0.298],[-1.11,3.474],[0.43,2.426],[10.388,1.213],[-9.027,0.151],[-3.401,0.67],[-0.654,5.663],[1.756,2.773],[37.41,-7.397],[-0.266,-0.18],[0,0],[5.789,4.308]],"v":[[-40.613,-40.569],[0.953,-53.678],[-56.829,-76.61],[-109.176,-98.199],[-115.141,-94.36],[-115.973,-83.644],[-111.078,-79.106],[-84.158,-71.057],[-113.43,-67.745],[-119.814,-60.825],[-117.007,-46.108],[-108.723,-42.601],[-57.009,-40.68],[-57.396,-40.974],[-51.331,-48.554]]},"ix":2}},{"ty":"fl","bm":0,"hd":false,"mn":"ADBE Vector Graphic - Fill","nm":"Fill 1","c":{"a":0,"k":[0,0.4902,0.2784],"ix":4},"r":1,"o":{"a":0,"k":100,"ix":5}},{"ty":"tr","a":{"a":0,"k":[0,0],"ix":1},"s":{"a":0,"k":[100,100],"ix":3},"sk":{"a":0,"k":0,"ix":4},"p":{"a":0,"k":[0,0],"ix":2},"r":{"a":0,"k":0,"ix":6},"sa":{"a":0,"k":0,"ix":5},"o":{"a":0,"k":100,"ix":7}}]}],"ind":8,"parent":3},{"ty":4,"nm":"right pulmonary veins","sr":1,"st":0,"op":100,"ip":0,"hd":false,"ddd":0,"bm":0,"hasMask":false,"ao":0,"ks":{"a":{"a":0,"k":[0,0,0],"ix":1},"s":{"a":1,"k":[{"o":{"x":0.333,"y":0},"i":{"x":0.667,"y":1},"s":[218.82,218.82,100],"t":6},{"o":{"x":0.333,"y":0},"i":{"x":0.667,"y":1},"s":[231.82,231.82,100],"t":8},{"s":[218.82,218.82,100],"t":13}],"ix":6},"sk":{"a":0,"k":0},"p":{"a":1,"k":[{"o":{"x":0.333,"y":0},"i":{"x":0.667,"y":1},"s":[500,500,0],"t":6,"ti":[0,0,0],"to":[0,0,0]},{"o":{"x":0.333,"y":0},"i":{"x":0.667,"y":1},"s":[501,500,0],"t":8,"ti":[0,0,0],"to":[0,0,0]},{"s":[500,500,0],"t":13}],"ix":2},"r":{"a":0,"k":0,"ix":10},"sa":{"a":0,"k":0},"o":{"a":0,"k":100,"ix":11}},"ef":[],"shapes":[{"ty":"gr","bm":0,"hd":false,"mn":"ADBE Vector Group","nm":"Group 1","ix":1,"cix":2,"np":1,"it":[{"ty":"gr","bm":0,"hd":false,"mn":"ADBE Vector Group","nm":"Group 1","ix":1,"cix":2,"np":2,"it":[{"ty":"sh","bm":0,"hd":false,"mn":"ADBE Vector Shape - Group","nm":"Path 1","ix":1,"d":1,"ks":{"a":0,"k":{"c":true,"i":[[3.822,-1.529],[8.195,3.649],[7.977,4.939],[0,0],[-7.928,-3.53],[-6.67,-4.613]],"o":[[-5.689,-3.934],[-8.318,-3.703],[0,0],[7.24,4.482],[8.757,3.899],[-0.942,5.605]],"v":[[77.402,3.504],[55.777,-7.526],[30.88,-19.998],[37.611,-30.873],[60.978,-19.21],[84.677,-7.015]]},"ix":2}},{"ty":"fl","bm":0,"hd":false,"mn":"ADBE Vector Graphic - Fill","nm":"Fill 1","c":{"a":0,"k":[0,0.2902,0.1647],"ix":4},"r":1,"o":{"a":0,"k":100,"ix":5}},{"ty":"tr","a":{"a":0,"k":[0,0],"ix":1},"s":{"a":0,"k":[100,100],"ix":3},"sk":{"a":0,"k":0,"ix":4},"p":{"a":0,"k":[0,0],"ix":2},"r":{"a":0,"k":0,"ix":6},"sa":{"a":0,"k":0,"ix":5},"o":{"a":0,"k":100,"ix":7}}]},{"ty":"tr","a":{"a":0,"k":[0,0],"ix":1},"s":{"a":0,"k":[100,100],"ix":3},"sk":{"a":0,"k":0,"ix":4},"p":{"a":0,"k":[0,0],"ix":2},"r":{"a":0,"k":0,"ix":6},"sa":{"a":0,"k":0,"ix":5},"o":{"a":0,"k":100,"ix":7}}]},{"ty":"gr","bm":0,"hd":false,"mn":"ADBE Vector Group","nm":"Group 2","ix":2,"cix":2,"np":1,"it":[{"ty":"gr","bm":0,"hd":false,"mn":"ADBE Vector Group","nm":"Group 1","ix":1,"cix":2,"np":2,"it":[{"ty":"sh","bm":0,"hd":false,"mn":"ADBE Vector Shape - Group","nm":"Path 1","ix":1,"d":1,"ks":{"a":0,"k":{"c":true,"i":[[10.406,1.62],[7.024,4.348],[0,0],[-15.965,6.042],[1.286,-4.541]],"o":[[-7.619,-1.186],[0,0],[13.244,8.199],[4.884,3.319],[-11.347,4.294]],"v":[[52.859,-11.696],[30.88,-19.998],[37.611,-30.873],[81.015,-27.667],[85.541,-15.705]]},"ix":2}},{"ty":"fl","bm":0,"hd":false,"mn":"ADBE Vector Graphic - Fill","nm":"Fill 1","c":{"a":0,"k":[0,0.2902,0.1647],"ix":4},"r":1,"o":{"a":0,"k":100,"ix":5}},{"ty":"tr","a":{"a":0,"k":[0,0],"ix":1},"s":{"a":0,"k":[100,100],"ix":3},"sk":{"a":0,"k":0,"ix":4},"p":{"a":0,"k":[0,0],"ix":2},"r":{"a":0,"k":0,"ix":6},"sa":{"a":0,"k":0,"ix":5},"o":{"a":0,"k":100,"ix":7}}]},{"ty":"tr","a":{"a":0,"k":[0,0],"ix":1},"s":{"a":0,"k":[100,100],"ix":3},"sk":{"a":0,"k":0,"ix":4},"p":{"a":0,"k":[0,0],"ix":2},"r":{"a":0,"k":0,"ix":6},"sa":{"a":0,"k":0,"ix":5},"o":{"a":0,"k":100,"ix":7}}]}],"ind":9},{"ty":4,"nm":"left pulmonary veins","sr":1,"st":0,"op":100,"ip":0,"hd":false,"ddd":0,"bm":0,"hasMask":false,"ao":0,"ks":{"a":{"a":0,"k":[-46.071,-31.36,0],"ix":1},"s":{"a":1,"k":[{"o":{"x":0.167,"y":0.167},"i":{"x":0.833,"y":0.833},"s":[218.82,218.82,100],"t":6},{"o":{"x":0.167,"y":0.167},"i":{"x":0.833,"y":0.833},"s":[239.829,239.829,100],"t":8},{"s":[218.82,218.82,100],"t":13}],"ix":6},"sk":{"a":0,"k":0},"p":{"a":1,"k":[{"o":{"x":0.167,"y":0},"i":{"x":0.833,"y":1},"s":[399.187,431.378,0],"t":6,"ti":[0,0,0],"to":[0,0,0]},{"o":{"x":0.167,"y":0.167},"i":{"x":0.833,"y":0.833},"s":[388.187,431.378,0],"t":8,"ti":[0,0,0],"to":[0,0,0]},{"s":[399.187,431.378,0],"t":13}],"ix":2},"r":{"a":0,"k":0,"ix":10},"sa":{"a":0,"k":0},"o":{"a":0,"k":100,"ix":11}},"ef":[],"shapes":[{"ty":"gr","bm":0,"hd":false,"mn":"ADBE Vector Group","nm":"Group 1","ix":1,"cix":2,"np":1,"it":[{"ty":"gr","bm":0,"hd":false,"mn":"ADBE Vector Group","nm":"Group 1","ix":1,"cix":2,"np":2,"it":[{"ty":"sh","bm":0,"hd":false,"mn":"ADBE Vector Shape - Group","nm":"Path 1","ix":1,"d":1,"ks":{"a":0,"k":{"c":true,"i":[[0.247,-0.144],[8.125,-3.448],[5.611,-3.494],[0.911,0.522],[0.436,2.995],[-0.936,0.589],[-8.248,3.5],[-6.697,3.745],[-0.795,-1.336],[0,0]],"o":[[-7.853,4.586],[-7.669,3.254],[-0.891,0.555],[-2.873,-1.645],[-0.159,-1.094],[6.491,-4.086],[7.124,-3.023],[1.357,-0.759],[0,0],[-0.247,0.146]],"v":[[-46.812,-30.924],[-71.184,-19.327],[-91.736,-9.492],[-94.661,-9.397],[-100.05,-17.422],[-98.743,-20.196],[-76.18,-31.1],[-55.021,-40.957],[-51.153,-39.899],[-46.071,-31.36]]},"ix":2}},{"ty":"fl","bm":0,"hd":false,"mn":"ADBE Vector Graphic - Fill","nm":"Fill 1","c":{"a":0,"k":[0,0.2902,0.1647],"ix":4},"r":1,"o":{"a":0,"k":100,"ix":5}},{"ty":"tr","a":{"a":0,"k":[0,0],"ix":1},"s":{"a":0,"k":[100,100],"ix":3},"sk":{"a":0,"k":0,"ix":4},"p":{"a":0,"k":[0,0],"ix":2},"r":{"a":0,"k":0,"ix":6},"sa":{"a":0,"k":0,"ix":5},"o":{"a":0,"k":100,"ix":7}}]},{"ty":"tr","a":{"a":0,"k":[0,0],"ix":1},"s":{"a":0,"k":[100,100],"ix":3},"sk":{"a":0,"k":0,"ix":4},"p":{"a":0,"k":[0,0],"ix":2},"r":{"a":0,"k":0,"ix":6},"sa":{"a":0,"k":0,"ix":5},"o":{"a":0,"k":100,"ix":7}}]},{"ty":"gr","bm":0,"hd":false,"mn":"ADBE Vector Group","nm":"Group 2","ix":2,"cix":2,"np":1,"it":[{"ty":"gr","bm":0,"hd":false,"mn":"ADBE Vector Group","nm":"Group 1","ix":1,"cix":2,"np":2,"it":[{"ty":"sh","bm":0,"hd":false,"mn":"ADBE Vector Shape - Group","nm":"Path 1","ix":1,"d":1,"ks":{"a":0,"k":{"c":true,"i":[[0.156,-0.091],[18.547,6.802],[-0.121,1.563],[-1.822,2.282],[-1.374,-0.497],[-11.946,6.155],[-0.935,-1.57],[0,0]],"o":[[-16.052,9.375],[-1.472,-0.54],[0.199,-2.565],[0.912,-1.142],[13.894,5.025],[1.624,-0.837],[0,0],[-0.157,0.093]],"v":[[-46.545,-31.081],[-98.662,-27.208],[-100.953,-30.748],[-97.769,-37.992],[-93.941,-39.099],[-55.461,-40.769],[-50.91,-39.49],[-46.071,-31.36]]},"ix":2}},{"ty":"fl","bm":0,"hd":false,"mn":"ADBE Vector Graphic - Fill","nm":"Fill 1","c":{"a":0,"k":[0,0.2902,0.1647],"ix":4},"r":1,"o":{"a":0,"k":100,"ix":5}},{"ty":"tr","a":{"a":0,"k":[0,0],"ix":1},"s":{"a":0,"k":[100,100],"ix":3},"sk":{"a":0,"k":0,"ix":4},"p":{"a":0,"k":[0,0],"ix":2},"r":{"a":0,"k":0,"ix":6},"sa":{"a":0,"k":0,"ix":5},"o":{"a":0,"k":100,"ix":7}}]},{"ty":"tr","a":{"a":0,"k":[0,0],"ix":1},"s":{"a":0,"k":[100,100],"ix":3},"sk":{"a":0,"k":0,"ix":4},"p":{"a":0,"k":[0,0],"ix":2},"r":{"a":0,"k":0,"ix":6},"sa":{"a":0,"k":0,"ix":5},"o":{"a":0,"k":100,"ix":7}}]}],"ind":10}],"v":"4.8.0","fr":30,"op":40,"ip":0,"assets":[]}