{"nm":"Comp 1","ddd":0,"h":324,"w":400,"meta":{"g":"@lottiefiles/toolkit-js 0.25.4"},"layers":[{"ty":0,"nm":"way triangle Outlines 2 Comp 2","sr":1,"st":139.999688900561,"op":182.999593348591,"ip":139.999688900561,"hd":false,"ddd":0,"bm":0,"hasMask":false,"ao":0,"ks":{"a":{"a":0,"k":[666.5,540,0]},"s":{"a":0,"k":[30.00750187546886,30,100]},"sk":{"a":0,"k":0},"p":{"a":0,"k":[-22.65566391597899,160.8402100525131,0]},"r":{"a":0,"k":0},"sa":{"a":0,"k":0},"o":{"a":1,"k":[{"o":{"x":0.167,"y":0.167},"i":{"x":0.833,"y":0.833},"s":[100],"t":140},{"o":{"x":0.167,"y":0.167},"i":{"x":0.833,"y":0.833},"s":[100],"t":165},{"s":[0],"t":166.999628902812}]}},"ef":[],"w":1333,"h":1080,"refId":"comp_0","ind":1},{"ty":0,"nm":"way triangle Outlines 2 Comp 2","sr":1,"st":101.999773341838,"op":144.999677789867,"ip":101.999773341838,"hd":false,"ddd":0,"bm":0,"hasMask":false,"ao":0,"ks":{"a":{"a":0,"k":[666.5,540,0]},"s":{"a":0,"k":[30.00750187546886,30,100]},"sk":{"a":0,"k":0},"p":{"a":0,"k":[-22.65566391597899,160.8402100525131,0]},"r":{"a":0,"k":0},"sa":{"a":0,"k":0},"o":{"a":1,"k":[{"o":{"x":0.167,"y":0.167},"i":{"x":0.833,"y":0.833},"s":[100],"t":102},{"o":{"x":0.167,"y":0.167},"i":{"x":0.833,"y":0.833},"s":[100],"t":127},{"s":[0],"t":128.999713344089}]}},"ef":[],"w":1333,"h":1080,"refId":"comp_0","ind":2},{"ty":0,"nm":"way triangle Outlines 2 Comp 2","sr":1,"st":60.9998644495303,"op":103.99976889756,"ip":60.9998644495303,"hd":false,"ddd":0,"bm":0,"hasMask":false,"ao":0,"ks":{"a":{"a":0,"k":[666.5,540,0]},"s":{"a":0,"k":[30.00750187546886,30,100]},"sk":{"a":0,"k":0},"p":{"a":0,"k":[-22.65566391597899,160.8402100525131,0]},"r":{"a":0,"k":0},"sa":{"a":0,"k":0},"o":{"a":1,"k":[{"o":{"x":0.167,"y":0.167},"i":{"x":0.833,"y":0.833},"s":[100],"t":61},{"o":{"x":0.167,"y":0.167},"i":{"x":0.833,"y":0.833},"s":[100],"t":86},{"s":[0],"t":87.9998044517814}]}},"ef":[],"w":1333,"h":1080,"refId":"comp_0","ind":3},{"ty":0,"nm":"way triangle Outlines 2 Comp 2","sr":1,"st":24.9999444465288,"op":67.9998488945584,"ip":24.9999444465288,"hd":false,"ddd":0,"bm":0,"hasMask":false,"ao":0,"ks":{"a":{"a":0,"k":[666.5,540,0]},"s":{"a":0,"k":[30.00750187546886,30,100]},"sk":{"a":0,"k":0},"p":{"a":0,"k":[-22.65566391597899,160.8402100525131,0]},"r":{"a":0,"k":0},"sa":{"a":0,"k":0},"o":{"a":1,"k":[{"o":{"x":0.167,"y":0.167},"i":{"x":0.833,"y":0.833},"s":[100],"t":25},{"o":{"x":0.167,"y":0.167},"i":{"x":0.833,"y":0.833},"s":[100],"t":50},{"s":[0],"t":51.9998844487799}]}},"ef":[],"w":1333,"h":1080,"refId":"comp_0","ind":4},{"ty":0,"nm":"way triangle Outlines 2 Comp 2","sr":1,"st":132.999704455533,"op":175.999608903563,"ip":132.999704455533,"hd":false,"ddd":0,"bm":0,"hasMask":false,"ao":0,"ks":{"a":{"a":0,"k":[666.5,540,0]},"s":{"a":0,"k":[30.00750187546886,30,100]},"sk":{"a":0,"k":0},"p":{"a":0,"k":[136.98424606151536,165.04126031507872,0]},"r":{"a":0,"k":0},"sa":{"a":0,"k":0},"o":{"a":1,"k":[{"o":{"x":0.167,"y":0.167},"i":{"x":0.833,"y":0.833},"s":[100],"t":133},{"o":{"x":0.167,"y":0.167},"i":{"x":0.833,"y":0.833},"s":[100],"t":158},{"s":[0],"t":159.999644457784}]}},"ef":[],"w":1333,"h":1080,"refId":"comp_0","ind":5},{"ty":0,"nm":"way triangle Outlines 2 Comp 2","sr":1,"st":94.9997888968095,"op":137.999693344839,"ip":94.9997888968095,"hd":false,"ddd":0,"bm":0,"hasMask":false,"ao":0,"ks":{"a":{"a":0,"k":[666.5,540,0]},"s":{"a":0,"k":[30.00750187546886,30,100]},"sk":{"a":0,"k":0},"p":{"a":0,"k":[136.98424606151536,165.04126031507872,0]},"r":{"a":0,"k":0},"sa":{"a":0,"k":0},"o":{"a":1,"k":[{"o":{"x":0.167,"y":0.167},"i":{"x":0.833,"y":0.833},"s":[100],"t":95},{"o":{"x":0.167,"y":0.167},"i":{"x":0.833,"y":0.833},"s":[100],"t":120},{"s":[0],"t":121.999728899061}]}},"ef":[],"w":1333,"h":1080,"refId":"comp_0","ind":6},{"ty":0,"nm":"way triangle Outlines 2 Comp 2","sr":1,"st":53.9998800045022,"op":96.9997844525318,"ip":53.9998800045022,"hd":false,"ddd":0,"bm":0,"hasMask":false,"ao":0,"ks":{"a":{"a":0,"k":[666.5,540,0]},"s":{"a":0,"k":[30.00750187546886,30,100]},"sk":{"a":0,"k":0},"p":{"a":0,"k":[136.98424606151536,165.04126031507872,0]},"r":{"a":0,"k":0},"sa":{"a":0,"k":0},"o":{"a":1,"k":[{"o":{"x":0.167,"y":0.167},"i":{"x":0.833,"y":0.833},"s":[100],"t":54},{"o":{"x":0.167,"y":0.167},"i":{"x":0.833,"y":0.833},"s":[100],"t":79},{"s":[0],"t":80.9998200067533}]}},"ef":[],"w":1333,"h":1080,"refId":"comp_0","ind":7},{"ty":0,"nm":"way triangle Outlines 2 Comp 2","sr":1,"st":17.9999600015007,"op":60.9998644495303,"ip":17.9999600015007,"hd":false,"ddd":0,"bm":0,"hasMask":false,"ao":0,"ks":{"a":{"a":0,"k":[666.5,540,0]},"s":{"a":0,"k":[30.00750187546886,30,100]},"sk":{"a":0,"k":0},"p":{"a":0,"k":[136.98424606151536,165.04126031507872,0]},"r":{"a":0,"k":0},"sa":{"a":0,"k":0},"o":{"a":1,"k":[{"o":{"x":0.167,"y":0.167},"i":{"x":0.833,"y":0.833},"s":[100],"t":18},{"o":{"x":0.167,"y":0.167},"i":{"x":0.833,"y":0.833},"s":[100],"t":43},{"s":[0],"t":44.9999000037519}]}},"ef":[],"w":1333,"h":1080,"refId":"comp_0","ind":8},{"ty":0,"nm":"way triangle Outlines 2 Comp 2","sr":1,"st":148.999668901312,"op":191.999573349341,"ip":148.999668901312,"hd":false,"ddd":0,"bm":0,"hasMask":false,"ao":0,"ks":{"a":{"a":0,"k":[666.5,540,0]},"s":{"a":0,"k":[30.00750187546886,30,100]},"sk":{"a":0,"k":0},"p":{"a":0,"k":[184.99624906226552,164.44111027756938,0]},"r":{"a":0,"k":0},"sa":{"a":0,"k":0},"o":{"a":1,"k":[{"o":{"x":0.167,"y":0.167},"i":{"x":0.833,"y":0.833},"s":[100],"t":149},{"o":{"x":0.167,"y":0.167},"i":{"x":0.833,"y":0.833},"s":[100],"t":174},{"s":[0],"t":175.999608903563}]}},"ef":[],"w":1333,"h":1080,"refId":"comp_0","ind":9},{"ty":0,"nm":"way triangle Outlines 2 Comp 2","sr":1,"st":110.999753342588,"op":153.999657790617,"ip":110.999753342588,"hd":false,"ddd":0,"bm":0,"hasMask":false,"ao":0,"ks":{"a":{"a":0,"k":[666.5,540,0]},"s":{"a":0,"k":[30.00750187546886,30,100]},"sk":{"a":0,"k":0},"p":{"a":0,"k":[184.99624906226552,164.44111027756938,0]},"r":{"a":0,"k":0},"sa":{"a":0,"k":0},"o":{"a":1,"k":[{"o":{"x":0.167,"y":0.167},"i":{"x":0.833,"y":0.833},"s":[100],"t":111},{"o":{"x":0.167,"y":0.167},"i":{"x":0.833,"y":0.833},"s":[100],"t":136},{"s":[0],"t":137.999693344839}]}},"ef":[],"w":1333,"h":1080,"refId":"comp_0","ind":10},{"ty":0,"nm":"way triangle Outlines 2 Comp 2","sr":1,"st":69.9998444502807,"op":112.99974889831,"ip":69.9998444502807,"hd":false,"ddd":0,"bm":0,"hasMask":false,"ao":0,"ks":{"a":{"a":0,"k":[666.5,540,0]},"s":{"a":0,"k":[30.00750187546886,30,100]},"sk":{"a":0,"k":0},"p":{"a":0,"k":[184.99624906226552,164.44111027756938,0]},"r":{"a":0,"k":0},"sa":{"a":0,"k":0},"o":{"a":1,"k":[{"o":{"x":0.167,"y":0.167},"i":{"x":0.833,"y":0.833},"s":[100],"t":70},{"o":{"x":0.167,"y":0.167},"i":{"x":0.833,"y":0.833},"s":[100],"t":95},{"s":[0],"t":96.9997844525318}]}},"ef":[],"w":1333,"h":1080,"refId":"comp_0","ind":11},{"ty":0,"nm":"way triangle Outlines 2 Comp 2","sr":1,"st":33.9999244472792,"op":76.9998288953087,"ip":33.9999244472792,"hd":false,"ddd":0,"bm":0,"hasMask":false,"ao":0,"ks":{"a":{"a":0,"k":[666.5,540,0]},"s":{"a":0,"k":[30.00750187546886,30,100]},"sk":{"a":0,"k":0},"p":{"a":0,"k":[184.99624906226552,164.44111027756938,0]},"r":{"a":0,"k":0},"sa":{"a":0,"k":0},"o":{"a":1,"k":[{"o":{"x":0.167,"y":0.167},"i":{"x":0.833,"y":0.833},"s":[100],"t":34},{"o":{"x":0.167,"y":0.167},"i":{"x":0.833,"y":0.833},"s":[100],"t":59},{"s":[0],"t":60.9998644495303}]}},"ef":[],"w":1333,"h":1080,"refId":"comp_0","ind":12},{"ty":0,"nm":"way triangle Outlines 2 Comp 2","sr":1,"st":141.999684456284,"op":184.999588904313,"ip":141.999684456284,"hd":false,"ddd":0,"bm":0,"hasMask":false,"ao":0,"ks":{"a":{"a":0,"k":[666.5,540,0]},"s":{"a":0,"k":[30.00750187546886,30,100]},"sk":{"a":0,"k":0},"p":{"a":0,"k":[40.960240060014996,162.04051012753186,0]},"r":{"a":0,"k":0},"sa":{"a":0,"k":0},"o":{"a":1,"k":[{"o":{"x":0.167,"y":0.167},"i":{"x":0.833,"y":0.833},"s":[100],"t":142},{"o":{"x":0.167,"y":0.167},"i":{"x":0.833,"y":0.833},"s":[100],"t":167},{"s":[0],"t":168.999624458535}]}},"ef":[],"w":1333,"h":1080,"refId":"comp_0","ind":13},{"ty":0,"nm":"way triangle Outlines 2 Comp 2","sr":1,"st":103.99976889756,"op":146.999673345589,"ip":103.99976889756,"hd":false,"ddd":0,"bm":0,"hasMask":false,"ao":0,"ks":{"a":{"a":0,"k":[666.5,540,0]},"s":{"a":0,"k":[30.00750187546886,30,100]},"sk":{"a":0,"k":0},"p":{"a":0,"k":[40.960240060014996,162.04051012753186,0]},"r":{"a":0,"k":0},"sa":{"a":0,"k":0},"o":{"a":1,"k":[{"o":{"x":0.167,"y":0.167},"i":{"x":0.833,"y":0.833},"s":[100],"t":104},{"o":{"x":0.167,"y":0.167},"i":{"x":0.833,"y":0.833},"s":[100],"t":129},{"s":[0],"t":130.999708899811}]}},"ef":[],"w":1333,"h":1080,"refId":"comp_0","ind":14},{"ty":0,"nm":"way triangle Outlines 2 Comp 2","sr":1,"st":62.9998600052526,"op":105.999764453282,"ip":62.9998600052526,"hd":false,"ddd":0,"bm":0,"hasMask":false,"ao":0,"ks":{"a":{"a":0,"k":[666.5,540,0]},"s":{"a":0,"k":[30.00750187546886,30,100]},"sk":{"a":0,"k":0},"p":{"a":0,"k":[40.960240060014996,162.04051012753186,0]},"r":{"a":0,"k":0},"sa":{"a":0,"k":0},"o":{"a":1,"k":[{"o":{"x":0.167,"y":0.167},"i":{"x":0.833,"y":0.833},"s":[100],"t":63},{"o":{"x":0.167,"y":0.167},"i":{"x":0.833,"y":0.833},"s":[100],"t":88},{"s":[0],"t":89.9998000075037}]}},"ef":[],"w":1333,"h":1080,"refId":"comp_0","ind":15},{"ty":0,"nm":"way triangle Outlines 2 Comp 2","sr":1,"st":26.9999400022511,"op":69.9998444502807,"ip":26.9999400022511,"hd":false,"ddd":0,"bm":0,"hasMask":false,"ao":0,"ks":{"a":{"a":0,"k":[666.5,540,0]},"s":{"a":0,"k":[30.00750187546886,30,100]},"sk":{"a":0,"k":0},"p":{"a":0,"k":[40.960240060014996,162.04051012753186,0]},"r":{"a":0,"k":0},"sa":{"a":0,"k":0},"o":{"a":1,"k":[{"o":{"x":0.167,"y":0.167},"i":{"x":0.833,"y":0.833},"s":[100],"t":27},{"o":{"x":0.167,"y":0.167},"i":{"x":0.833,"y":0.833},"s":[100],"t":52},{"s":[0],"t":53.9998800045022}]}},"ef":[],"w":1333,"h":1080,"refId":"comp_0","ind":16},{"ty":0,"nm":"way triangle Outlines 2 Comp 2","sr":1,"st":135.999697789117,"op":178.999602237146,"ip":135.999697789117,"hd":false,"ddd":0,"bm":0,"hasMask":false,"ao":0,"ks":{"a":{"a":0,"k":[666.5,540,0]},"s":{"a":0,"k":[30.00750187546886,30,100]},"sk":{"a":0,"k":0},"p":{"a":0,"k":[91.97299324831206,165.64141035258808,0]},"r":{"a":0,"k":0},"sa":{"a":0,"k":0},"o":{"a":1,"k":[{"o":{"x":0.167,"y":0.167},"i":{"x":0.833,"y":0.833},"s":[100],"t":136},{"o":{"x":0.167,"y":0.167},"i":{"x":0.833,"y":0.833},"s":[100],"t":161},{"s":[0],"t":162.999637791368}]}},"ef":[],"w":1333,"h":1080,"refId":"comp_0","ind":17},{"ty":0,"nm":"way triangle Outlines 2 Comp 2","sr":1,"st":97.9997822303929,"op":140.999686678422,"ip":97.9997822303929,"hd":false,"ddd":0,"bm":0,"hasMask":false,"ao":0,"ks":{"a":{"a":0,"k":[666.5,540,0]},"s":{"a":0,"k":[30.00750187546886,30,100]},"sk":{"a":0,"k":0},"p":{"a":0,"k":[91.97299324831206,165.64141035258808,0]},"r":{"a":0,"k":0},"sa":{"a":0,"k":0},"o":{"a":1,"k":[{"o":{"x":0.167,"y":0.167},"i":{"x":0.833,"y":0.833},"s":[100],"t":98},{"o":{"x":0.167,"y":0.167},"i":{"x":0.833,"y":0.833},"s":[100],"t":123},{"s":[0],"t":124.999722232644}]}},"ef":[],"w":1333,"h":1080,"refId":"comp_0","ind":18},{"ty":0,"nm":"way triangle Outlines 2 Comp 2","sr":1,"st":56.9998733380857,"op":99.9997777861152,"ip":56.9998733380857,"hd":false,"ddd":0,"bm":0,"hasMask":false,"ao":0,"ks":{"a":{"a":0,"k":[666.5,540,0]},"s":{"a":0,"k":[30.00750187546886,30,100]},"sk":{"a":0,"k":0},"p":{"a":0,"k":[91.97299324831206,165.64141035258808,0]},"r":{"a":0,"k":0},"sa":{"a":0,"k":0},"o":{"a":1,"k":[{"o":{"x":0.167,"y":0.167},"i":{"x":0.833,"y":0.833},"s":[100],"t":57},{"o":{"x":0.167,"y":0.167},"i":{"x":0.833,"y":0.833},"s":[100],"t":82},{"s":[0],"t":83.9998133403368}]}},"ef":[],"w":1333,"h":1080,"refId":"comp_0","ind":19},{"ty":0,"nm":"way triangle Outlines 2 Comp 2","sr":1,"st":20.9999533350842,"op":63.9998577831137,"ip":20.9999533350842,"hd":false,"ddd":0,"bm":0,"hasMask":false,"ao":0,"ks":{"a":{"a":0,"k":[666.5,540,0]},"s":{"a":0,"k":[30.00750187546886,30,100]},"sk":{"a":0,"k":0},"p":{"a":0,"k":[91.97299324831206,165.64141035258808,0]},"r":{"a":0,"k":0},"sa":{"a":0,"k":0},"o":{"a":1,"k":[{"o":{"x":0.167,"y":0.167},"i":{"x":0.833,"y":0.833},"s":[100],"t":21},{"o":{"x":0.167,"y":0.167},"i":{"x":0.833,"y":0.833},"s":[100],"t":46},{"s":[0],"t":47.9998933373353}]}},"ef":[],"w":1333,"h":1080,"refId":"comp_0","ind":20},{"ty":0,"nm":"way triangle Outlines 2 Comp 2","sr":1,"st":122.999726676922,"op":165.999631124951,"ip":122.999726676922,"hd":false,"ddd":0,"bm":0,"hasMask":false,"ao":0,"ks":{"a":{"a":0,"k":[666.5,540,0]},"s":{"a":0,"k":[30.00750187546886,30,100]},"sk":{"a":0,"k":0},"p":{"a":0,"k":[40.960240060014996,162.04051012753186,0]},"r":{"a":0,"k":0},"sa":{"a":0,"k":0},"o":{"a":1,"k":[{"o":{"x":0.167,"y":0.167},"i":{"x":0.833,"y":0.833},"s":[100],"t":123},{"o":{"x":0.167,"y":0.167},"i":{"x":0.833,"y":0.833},"s":[100],"t":148},{"s":[0],"t":149.999666679173}]}},"ef":[],"w":1333,"h":1080,"refId":"comp_0","ind":21},{"ty":0,"nm":"way triangle Outlines 2 Comp 2","sr":1,"st":84.999811118198,"op":127.999715566227,"ip":84.999811118198,"hd":false,"ddd":0,"bm":0,"hasMask":false,"ao":0,"ks":{"a":{"a":0,"k":[666.5,540,0]},"s":{"a":0,"k":[30.00750187546886,30,100]},"sk":{"a":0,"k":0},"p":{"a":0,"k":[40.960240060014996,162.04051012753186,0]},"r":{"a":0,"k":0},"sa":{"a":0,"k":0},"o":{"a":1,"k":[{"o":{"x":0.167,"y":0.167},"i":{"x":0.833,"y":0.833},"s":[100],"t":85},{"o":{"x":0.167,"y":0.167},"i":{"x":0.833,"y":0.833},"s":[100],"t":110},{"s":[0],"t":111.999751120449}]}},"ef":[],"w":1333,"h":1080,"refId":"comp_0","ind":22},{"ty":0,"nm":"way triangle Outlines 2 Comp 2","sr":1,"st":43.9999022258907,"op":86.9998066739203,"ip":43.9999022258907,"hd":false,"ddd":0,"bm":0,"hasMask":false,"ao":0,"ks":{"a":{"a":0,"k":[666.5,540,0]},"s":{"a":0,"k":[30.00750187546886,30,100]},"sk":{"a":0,"k":0},"p":{"a":0,"k":[40.960240060014996,162.04051012753186,0]},"r":{"a":0,"k":0},"sa":{"a":0,"k":0},"o":{"a":1,"k":[{"o":{"x":0.167,"y":0.167},"i":{"x":0.833,"y":0.833},"s":[100],"t":44},{"o":{"x":0.167,"y":0.167},"i":{"x":0.833,"y":0.833},"s":[100],"t":69},{"s":[0],"t":70.9998422281418}]}},"ef":[],"w":1333,"h":1080,"refId":"comp_0","ind":23},{"ty":0,"nm":"way triangle Outlines 2 Comp 2","sr":1,"st":7.99998222288922,"op":50.9998866709188,"ip":7.99998222288922,"hd":false,"ddd":0,"bm":0,"hasMask":false,"ao":0,"ks":{"a":{"a":0,"k":[666.5,540,0]},"s":{"a":0,"k":[30.00750187546886,30,100]},"sk":{"a":0,"k":0},"p":{"a":0,"k":[40.960240060014996,162.04051012753186,0]},"r":{"a":0,"k":0},"sa":{"a":0,"k":0},"o":{"a":1,"k":[{"o":{"x":0.167,"y":0.167},"i":{"x":0.833,"y":0.833},"s":[100],"t":8},{"o":{"x":0.167,"y":0.167},"i":{"x":0.833,"y":0.833},"s":[100],"t":33},{"s":[0],"t":34.9999222251403}]}},"ef":[],"w":1333,"h":1080,"refId":"comp_0","ind":24},{"ty":0,"nm":"way triangle Outlines 2 Comp 2","sr":1,"st":114.999744454033,"op":157.999648902062,"ip":114.999744454033,"hd":false,"ddd":0,"bm":0,"hasMask":false,"ao":0,"ks":{"a":{"a":0,"k":[666.5,540,0]},"s":{"a":0,"k":[30.00750187546886,30,100]},"sk":{"a":0,"k":0},"p":{"a":0,"k":[105.17629407351833,165.04126031507872,0]},"r":{"a":0,"k":0},"sa":{"a":0,"k":0},"o":{"a":1,"k":[{"o":{"x":0.167,"y":0.167},"i":{"x":0.833,"y":0.833},"s":[100],"t":115},{"o":{"x":0.167,"y":0.167},"i":{"x":0.833,"y":0.833},"s":[100],"t":140},{"s":[0],"t":141.999684456284}]}},"ef":[],"w":1333,"h":1080,"refId":"comp_0","ind":25},{"ty":0,"nm":"way triangle Outlines 2 Comp 2","sr":1,"st":76.9998288953087,"op":119.999733343338,"ip":76.9998288953087,"hd":false,"ddd":0,"bm":0,"hasMask":false,"ao":0,"ks":{"a":{"a":0,"k":[666.5,540,0]},"s":{"a":0,"k":[30.00750187546886,30,100]},"sk":{"a":0,"k":0},"p":{"a":0,"k":[105.17629407351833,165.04126031507872,0]},"r":{"a":0,"k":0},"sa":{"a":0,"k":0},"o":{"a":1,"k":[{"o":{"x":0.167,"y":0.167},"i":{"x":0.833,"y":0.833},"s":[100],"t":77},{"o":{"x":0.167,"y":0.167},"i":{"x":0.833,"y":0.833},"s":[100],"t":102},{"s":[0],"t":103.99976889756}]}},"ef":[],"w":1333,"h":1080,"refId":"comp_0","ind":26},{"ty":0,"nm":"way triangle Outlines 2 Comp 2","sr":1,"st":35.9999200030015,"op":78.999824451031,"ip":35.9999200030015,"hd":false,"ddd":0,"bm":0,"hasMask":false,"ao":0,"ks":{"a":{"a":0,"k":[666.5,540,0]},"s":{"a":0,"k":[30.00750187546886,30,100]},"sk":{"a":0,"k":0},"p":{"a":0,"k":[105.17629407351833,165.04126031507872,0]},"r":{"a":0,"k":0},"sa":{"a":0,"k":0},"o":{"a":1,"k":[{"o":{"x":0.167,"y":0.167},"i":{"x":0.833,"y":0.833},"s":[100],"t":36},{"o":{"x":0.167,"y":0.167},"i":{"x":0.833,"y":0.833},"s":[100],"t":61},{"s":[0],"t":62.9998600052526}]}},"ef":[],"w":1333,"h":1080,"refId":"comp_0","ind":27},{"ty":0,"nm":"way triangle Outlines 2 Comp 2","sr":1,"st":0,"op":42.9999044480296,"ip":0,"hd":false,"ddd":0,"bm":0,"hasMask":false,"ao":0,"ks":{"a":{"a":0,"k":[666.5,540,0]},"s":{"a":0,"k":[30.00750187546886,30,100]},"sk":{"a":0,"k":0},"p":{"a":0,"k":[105.17629407351833,165.04126031507872,0]},"r":{"a":0,"k":0},"sa":{"a":0,"k":0},"o":{"a":1,"k":[{"o":{"x":0.167,"y":0.167},"i":{"x":0.833,"y":0.833},"s":[100],"t":0},{"o":{"x":0.167,"y":0.167},"i":{"x":0.833,"y":0.833},"s":[100],"t":25},{"s":[0],"t":26.9999400022511}]}},"ef":[],"w":1333,"h":1080,"refId":"comp_0","ind":28},{"ty":0,"nm":"way triangle Outlines 2 Comp 1","sr":1,"st":140.999686678422,"op":183.999591126452,"ip":140.999686678422,"hd":false,"ddd":0,"bm":0,"hasMask":false,"ao":0,"ks":{"a":{"a":0,"k":[666.5,540,0]},"s":{"a":0,"k":[30.00750187546886,30,100]},"sk":{"a":0,"k":0},"p":{"a":0,"k":[81.77044261065265,167.44186046511624,0]},"r":{"a":0,"k":0},"sa":{"a":0,"k":0},"o":{"a":0,"k":100}},"ef":[],"w":1333,"h":1080,"refId":"comp_1","ind":29},{"ty":0,"nm":"way triangle Outlines 2 Comp 1","sr":1,"st":102.999771119699,"op":145.999675567728,"ip":102.999771119699,"hd":false,"ddd":0,"bm":0,"hasMask":false,"ao":0,"ks":{"a":{"a":0,"k":[666.5,540,0]},"s":{"a":0,"k":[30.00750187546886,30,100]},"sk":{"a":0,"k":0},"p":{"a":0,"k":[81.77044261065265,167.44186046511624,0]},"r":{"a":0,"k":0},"sa":{"a":0,"k":0},"o":{"a":0,"k":100}},"ef":[],"w":1333,"h":1080,"refId":"comp_1","ind":30},{"ty":0,"nm":"way triangle Outlines 2 Comp 1","sr":1,"st":61.9998622273914,"op":104.999766675421,"ip":61.9998622273914,"hd":false,"ddd":0,"bm":0,"hasMask":false,"ao":0,"ks":{"a":{"a":0,"k":[666.5,540,0]},"s":{"a":0,"k":[30.00750187546886,30,100]},"sk":{"a":0,"k":0},"p":{"a":0,"k":[81.77044261065265,167.44186046511624,0]},"r":{"a":0,"k":0},"sa":{"a":0,"k":0},"o":{"a":0,"k":100}},"ef":[],"w":1333,"h":1080,"refId":"comp_1","ind":31},{"ty":0,"nm":"way triangle Outlines 2 Comp 1","sr":1,"st":25.99994222439,"op":68.9998466724195,"ip":25.99994222439,"hd":false,"ddd":0,"bm":0,"hasMask":false,"ao":0,"ks":{"a":{"a":0,"k":[666.5,540,0]},"s":{"a":0,"k":[30.00750187546886,30,100]},"sk":{"a":0,"k":0},"p":{"a":0,"k":[81.77044261065265,167.44186046511624,0]},"r":{"a":0,"k":0},"sa":{"a":0,"k":0},"o":{"a":0,"k":100}},"ef":[],"w":1333,"h":1080,"refId":"comp_1","ind":32},{"ty":0,"nm":"way triangle Outlines 2 Comp 1","sr":1,"st":133.999702233394,"op":176.999606681424,"ip":133.999702233394,"hd":false,"ddd":0,"bm":0,"hasMask":false,"ao":0,"ks":{"a":{"a":0,"k":[666.5,540,0]},"s":{"a":0,"k":[30.00750187546886,30,100]},"sk":{"a":0,"k":0},"p":{"a":0,"k":[-28.65716429107275,163.24081020255062,0]},"r":{"a":0,"k":0},"sa":{"a":0,"k":0},"o":{"a":0,"k":100}},"ef":[],"w":1333,"h":1080,"refId":"comp_1","ind":33},{"ty":0,"nm":"way triangle Outlines 2 Comp 1","sr":1,"st":95.9997866746706,"op":138.9996911227,"ip":95.9997866746706,"hd":false,"ddd":0,"bm":0,"hasMask":false,"ao":0,"ks":{"a":{"a":0,"k":[666.5,540,0]},"s":{"a":0,"k":[30.00750187546886,30,100]},"sk":{"a":0,"k":0},"p":{"a":0,"k":[-28.65716429107275,163.24081020255062,0]},"r":{"a":0,"k":0},"sa":{"a":0,"k":0},"o":{"a":0,"k":100}},"ef":[],"w":1333,"h":1080,"refId":"comp_1","ind":34},{"ty":0,"nm":"way triangle Outlines 2 Comp 1","sr":1,"st":54.9998777823634,"op":97.9997822303929,"ip":54.9998777823634,"hd":false,"ddd":0,"bm":0,"hasMask":false,"ao":0,"ks":{"a":{"a":0,"k":[666.5,540,0]},"s":{"a":0,"k":[30.00750187546886,30,100]},"sk":{"a":0,"k":0},"p":{"a":0,"k":[-28.65716429107275,163.24081020255062,0]},"r":{"a":0,"k":0},"sa":{"a":0,"k":0},"o":{"a":0,"k":100}},"ef":[],"w":1333,"h":1080,"refId":"comp_1","ind":35},{"ty":0,"nm":"way triangle Outlines 2 Comp 1","sr":1,"st":18.9999577793619,"op":61.9998622273914,"ip":18.9999577793619,"hd":false,"ddd":0,"bm":0,"hasMask":false,"ao":0,"ks":{"a":{"a":0,"k":[666.5,540,0]},"s":{"a":0,"k":[30.00750187546886,30,100]},"sk":{"a":0,"k":0},"p":{"a":0,"k":[-28.65716429107275,163.24081020255062,0]},"r":{"a":0,"k":0},"sa":{"a":0,"k":0},"o":{"a":0,"k":100}},"ef":[],"w":1333,"h":1080,"refId":"comp_1","ind":36},{"ty":0,"nm":"way triangle Outlines 2 Comp 1","sr":1,"st":124.999722232644,"op":167.999626680674,"ip":124.999722232644,"hd":false,"ddd":0,"bm":0,"hasMask":false,"ao":0,"ks":{"a":{"a":0,"k":[666.5,540,0]},"s":{"a":0,"k":[30.00750187546886,30,100]},"sk":{"a":0,"k":0},"p":{"a":0,"k":[160.99024756189044,162.04051012753186,0]},"r":{"a":0,"k":0},"sa":{"a":0,"k":0},"o":{"a":0,"k":100}},"ef":[],"w":1333,"h":1080,"refId":"comp_1","ind":37},{"ty":0,"nm":"way triangle Outlines 2 Comp 1","sr":1,"st":86.9998066739202,"op":129.99971112195,"ip":86.9998066739202,"hd":false,"ddd":0,"bm":0,"hasMask":false,"ao":0,"ks":{"a":{"a":0,"k":[666.5,540,0]},"s":{"a":0,"k":[30.00750187546886,30,100]},"sk":{"a":0,"k":0},"p":{"a":0,"k":[160.99024756189044,162.04051012753186,0]},"r":{"a":0,"k":0},"sa":{"a":0,"k":0},"o":{"a":0,"k":100}},"ef":[],"w":1333,"h":1080,"refId":"comp_1","ind":38},{"ty":0,"nm":"way triangle Outlines 2 Comp 1","sr":1,"st":45.999897781613,"op":88.9998022296426,"ip":45.999897781613,"hd":false,"ddd":0,"bm":0,"hasMask":false,"ao":0,"ks":{"a":{"a":0,"k":[666.5,540,0]},"s":{"a":0,"k":[30.00750187546886,30,100]},"sk":{"a":0,"k":0},"p":{"a":0,"k":[160.99024756189044,162.04051012753186,0]},"r":{"a":0,"k":0},"sa":{"a":0,"k":0},"o":{"a":0,"k":100}},"ef":[],"w":1333,"h":1080,"refId":"comp_1","ind":39},{"ty":0,"nm":"way triangle Outlines 2 Comp 1","sr":1,"st":9.99997777861152,"op":52.9998822266411,"ip":9.99997777861152,"hd":false,"ddd":0,"bm":0,"hasMask":false,"ao":0,"ks":{"a":{"a":0,"k":[666.5,540,0]},"s":{"a":0,"k":[30.00750187546886,30,100]},"sk":{"a":0,"k":0},"p":{"a":0,"k":[160.99024756189044,162.04051012753186,0]},"r":{"a":0,"k":0},"sa":{"a":0,"k":0},"o":{"a":0,"k":100}},"ef":[],"w":1333,"h":1080,"refId":"comp_1","ind":40},{"ty":4,"nm":"way triangle Outlines 4","sr":1,"st":114.999744454033,"op":155.99965334634,"ip":114.999744454033,"hd":false,"ddd":0,"bm":0,"hasMask":false,"ao":0,"ks":{"a":{"a":0,"k":[200,200,0]},"s":{"a":1,"k":[{"o":{"x":0.167,"y":0.167},"i":{"x":0.833,"y":1},"s":[0,0,100],"t":115},{"o":{"x":0.167,"y":0},"i":{"x":0.833,"y":0.833},"s":[29.40735183795948,29.4,100],"t":130},{"s":[0,0,100],"t":141.999684456284}]},"sk":{"a":0,"k":0},"p":{"a":1,"k":[{"o":{"x":0.167,"y":0.167},"i":{"x":0.833,"y":0.833},"s":[294.8237059264815,272.46811702925726,0],"t":115,"ti":[0,0,0],"to":[0,0,0]},{"s":[291.82295573893464,12.60315078769692,0],"t":142.999682234145}]},"r":{"a":0,"k":0},"sa":{"a":0,"k":0},"o":{"a":0,"k":100}},"ef":[],"shapes":[{"ty":"gr","bm":0,"hd":false,"nm":"Group 1","it":[{"ty":"sh","bm":0,"hd":false,"nm":"Path 1","d":1,"ks":{"a":0,"k":{"c":true,"i":[[23.741,37.828],[9.653,8.804],[0,0],[9.358,-8.535],[26.405,-42.073],[-0.921,-8.31],[-23.245,-1.715],[0,0],[-25.053,1.849],[-1.133,10.226]],"o":[[-26.405,-42.073],[-9.358,-8.535],[0,0],[-9.653,8.804],[-23.742,37.828],[1.133,10.226],[25.054,1.849],[0,0],[23.245,-1.715],[0.922,-8.31]],"v":[[62.436,-3.283],[14.59,-67.564],[-0.001,-75.417],[-14.591,-67.564],[-62.437,-3.283],[-88.444,56.339],[-51.885,74.25],[-0.001,75.852],[51.884,74.25],[88.443,56.339]]}}},{"ty":"fl","bm":0,"hd":false,"nm":"Fill 1","c":{"a":0,"k":[0,0.9608,0.4314]},"r":1,"o":{"a":0,"k":100}},{"ty":"tr","a":{"a":0,"k":[0,0]},"s":{"a":0,"k":[100,100]},"sk":{"a":0,"k":0},"p":{"a":0,"k":[200.01,199.634]},"r":{"a":0,"k":0},"sa":{"a":0,"k":0},"o":{"a":0,"k":100}}]}],"ind":41},{"ty":4,"nm":"way triangle Outlines 3","sr":1,"st":76.9998288953087,"op":117.999737787616,"ip":76.9998288953087,"hd":false,"ddd":0,"bm":0,"hasMask":false,"ao":0,"ks":{"a":{"a":0,"k":[200,200,0]},"s":{"a":1,"k":[{"o":{"x":0.167,"y":0.167},"i":{"x":0.833,"y":1},"s":[0,0,100],"t":77},{"o":{"x":0.167,"y":0},"i":{"x":0.833,"y":0.833},"s":[29.40735183795948,29.4,100],"t":92},{"s":[0,0,100],"t":103.99976889756}]},"sk":{"a":0,"k":0},"p":{"a":1,"k":[{"o":{"x":0.167,"y":0.167},"i":{"x":0.833,"y":0.833},"s":[294.8237059264815,272.46811702925726,0],"t":77,"ti":[0,0,0],"to":[0,0,0]},{"s":[291.82295573893464,12.60315078769692,0],"t":104.999766675421}]},"r":{"a":0,"k":0},"sa":{"a":0,"k":0},"o":{"a":0,"k":100}},"ef":[],"shapes":[{"ty":"gr","bm":0,"hd":false,"nm":"Group 1","it":[{"ty":"sh","bm":0,"hd":false,"nm":"Path 1","d":1,"ks":{"a":0,"k":{"c":true,"i":[[23.741,37.828],[9.653,8.804],[0,0],[9.358,-8.535],[26.405,-42.073],[-0.921,-8.31],[-23.245,-1.715],[0,0],[-25.053,1.849],[-1.133,10.226]],"o":[[-26.405,-42.073],[-9.358,-8.535],[0,0],[-9.653,8.804],[-23.742,37.828],[1.133,10.226],[25.054,1.849],[0,0],[23.245,-1.715],[0.922,-8.31]],"v":[[62.436,-3.283],[14.59,-67.564],[-0.001,-75.417],[-14.591,-67.564],[-62.437,-3.283],[-88.444,56.339],[-51.885,74.25],[-0.001,75.852],[51.884,74.25],[88.443,56.339]]}}},{"ty":"fl","bm":0,"hd":false,"nm":"Fill 1","c":{"a":0,"k":[0,0.9608,0.4314]},"r":1,"o":{"a":0,"k":100}},{"ty":"tr","a":{"a":0,"k":[0,0]},"s":{"a":0,"k":[100,100]},"sk":{"a":0,"k":0},"p":{"a":0,"k":[200.01,199.634]},"r":{"a":0,"k":0},"sa":{"a":0,"k":0},"o":{"a":0,"k":100}}]}],"ind":42},{"ty":4,"nm":"way triangle Outlines 2","sr":1,"st":35.9999200030015,"op":76.9998288953087,"ip":35.9999200030015,"hd":false,"ddd":0,"bm":0,"hasMask":false,"ao":0,"ks":{"a":{"a":0,"k":[200,200,0]},"s":{"a":1,"k":[{"o":{"x":0.167,"y":0.167},"i":{"x":0.833,"y":1},"s":[0,0,100],"t":36},{"o":{"x":0.167,"y":0},"i":{"x":0.833,"y":0.833},"s":[29.40735183795948,29.4,100],"t":51},{"s":[0,0,100],"t":62.9998600052526}]},"sk":{"a":0,"k":0},"p":{"a":1,"k":[{"o":{"x":0.167,"y":0.167},"i":{"x":0.833,"y":0.833},"s":[294.8237059264815,272.46811702925726,0],"t":36,"ti":[0,0,0],"to":[0,0,0]},{"s":[291.82295573893464,12.60315078769692,0],"t":63.9998577831137}]},"r":{"a":0,"k":0},"sa":{"a":0,"k":0},"o":{"a":0,"k":100}},"ef":[],"shapes":[{"ty":"gr","bm":0,"hd":false,"nm":"Group 1","it":[{"ty":"sh","bm":0,"hd":false,"nm":"Path 1","d":1,"ks":{"a":0,"k":{"c":true,"i":[[23.741,37.828],[9.653,8.804],[0,0],[9.358,-8.535],[26.405,-42.073],[-0.921,-8.31],[-23.245,-1.715],[0,0],[-25.053,1.849],[-1.133,10.226]],"o":[[-26.405,-42.073],[-9.358,-8.535],[0,0],[-9.653,8.804],[-23.742,37.828],[1.133,10.226],[25.054,1.849],[0,0],[23.245,-1.715],[0.922,-8.31]],"v":[[62.436,-3.283],[14.59,-67.564],[-0.001,-75.417],[-14.591,-67.564],[-62.437,-3.283],[-88.444,56.339],[-51.885,74.25],[-0.001,75.852],[51.884,74.25],[88.443,56.339]]}}},{"ty":"fl","bm":0,"hd":false,"nm":"Fill 1","c":{"a":0,"k":[0,0.9608,0.4314]},"r":1,"o":{"a":0,"k":100}},{"ty":"tr","a":{"a":0,"k":[0,0]},"s":{"a":0,"k":[100,100]},"sk":{"a":0,"k":0},"p":{"a":0,"k":[200.01,199.634]},"r":{"a":0,"k":0},"sa":{"a":0,"k":0},"o":{"a":0,"k":100}}]}],"ind":43},{"ty":4,"nm":"way triangle Outlines","sr":1,"st":0,"op":40.9999088923072,"ip":0,"hd":false,"ddd":0,"bm":0,"hasMask":false,"ao":0,"ks":{"a":{"a":0,"k":[200,200,0]},"s":{"a":1,"k":[{"o":{"x":0.167,"y":0.167},"i":{"x":0.833,"y":1},"s":[0,0,100],"t":0},{"o":{"x":0.167,"y":0},"i":{"x":0.833,"y":0.833},"s":[29.40735183795948,29.4,100],"t":15},{"s":[0,0,100],"t":26.9999400022511}]},"sk":{"a":0,"k":0},"p":{"a":1,"k":[{"o":{"x":0.167,"y":0.167},"i":{"x":0.833,"y":0.833},"s":[294.8237059264815,272.46811702925726,0],"t":0,"ti":[0,0,0],"to":[0,0,0]},{"s":[291.82295573893464,12.60315078769692,0],"t":27.9999377801123}]},"r":{"a":0,"k":0},"sa":{"a":0,"k":0},"o":{"a":0,"k":100}},"ef":[],"shapes":[{"ty":"gr","bm":0,"hd":false,"nm":"Group 1","it":[{"ty":"sh","bm":0,"hd":false,"nm":"Path 1","d":1,"ks":{"a":0,"k":{"c":true,"i":[[23.741,37.828],[9.653,8.804],[0,0],[9.358,-8.535],[26.405,-42.073],[-0.921,-8.31],[-23.245,-1.715],[0,0],[-25.053,1.849],[-1.133,10.226]],"o":[[-26.405,-42.073],[-9.358,-8.535],[0,0],[-9.653,8.804],[-23.742,37.828],[1.133,10.226],[25.054,1.849],[0,0],[23.245,-1.715],[0.922,-8.31]],"v":[[62.436,-3.283],[14.59,-67.564],[-0.001,-75.417],[-14.591,-67.564],[-62.437,-3.283],[-88.444,56.339],[-51.885,74.25],[-0.001,75.852],[51.884,74.25],[88.443,56.339]]}}},{"ty":"fl","bm":0,"hd":false,"nm":"Fill 1","c":{"a":0,"k":[0,0.9608,0.4314]},"r":1,"o":{"a":0,"k":100}},{"ty":"tr","a":{"a":0,"k":[0,0]},"s":{"a":0,"k":[100,100]},"sk":{"a":0,"k":0},"p":{"a":0,"k":[200.01,199.634]},"r":{"a":0,"k":0},"sa":{"a":0,"k":0},"o":{"a":0,"k":100}}]}],"ind":44}],"v":"5.7.1","fr":30,"op":180,"ip":0,"assets":[{"nm":"way triangle Outlines 2 Comp 1","id":"37","layers":[{"ty":4,"nm":"way triangle Outlines 2","sr":1,"st":0,"op":896.998006741454,"ip":0,"hd":false,"ddd":0,"bm":0,"hasMask":false,"ao":0,"ks":{"a":{"a":0,"k":[200,200,0]},"s":{"a":1,"k":[{"o":{"x":0.167,"y":0.167},"i":{"x":0.833,"y":1},"s":[0,0,100],"t":0},{"o":{"x":0.167,"y":0},"i":{"x":0.833,"y":0.833},"s":[98,98,100],"t":15},{"s":[0,0,100],"t":26.9999400022511}]},"sk":{"a":0,"k":0},"p":{"a":1,"k":[{"o":{"x":0.167,"y":0.167},"i":{"x":0.833,"y":0.833},"s":[982.5,908,0],"t":0,"ti":[0,0,0],"to":[0,0,0]},{"s":[972.5,42,0],"t":27.9999377801123}]},"r":{"a":0,"k":0},"sa":{"a":0,"k":0},"o":{"a":0,"k":100}},"ef":[],"shapes":[{"ty":"gr","bm":0,"hd":false,"nm":"Group 1","it":[{"ty":"sh","bm":0,"hd":false,"nm":"Path 1","d":1,"ks":{"a":0,"k":{"c":true,"i":[[23.741,37.828],[9.653,8.804],[0,0],[9.358,-8.535],[26.405,-42.073],[-0.921,-8.31],[-23.245,-1.715],[0,0],[-25.053,1.849],[-1.133,10.226]],"o":[[-26.405,-42.073],[-9.358,-8.535],[0,0],[-9.653,8.804],[-23.742,37.828],[1.133,10.226],[25.054,1.849],[0,0],[23.245,-1.715],[0.922,-8.31]],"v":[[62.436,-3.283],[14.59,-67.564],[-0.001,-75.417],[-14.591,-67.564],[-62.437,-3.283],[-88.444,56.339],[-51.885,74.25],[-0.001,75.852],[51.884,74.25],[88.443,56.339]]}}},{"ty":"fl","bm":0,"hd":false,"nm":"Fill 1","c":{"a":0,"k":[0.6235,0.6275,1]},"r":1,"o":{"a":0,"k":100}},{"ty":"tr","a":{"a":0,"k":[0,0]},"s":{"a":0,"k":[100,100]},"sk":{"a":0,"k":0},"p":{"a":0,"k":[200.01,199.634]},"r":{"a":0,"k":0},"sa":{"a":0,"k":0},"o":{"a":0,"k":100}}]}],"ind":1}]},{"nm":"way triangle Outlines 2 Comp 2","id":"54","layers":[{"ty":4,"nm":"way triangle Outlines 2","sr":1,"st":0,"op":896.998006741454,"ip":0,"hd":false,"ddd":0,"bm":0,"hasMask":false,"ao":0,"ks":{"a":{"a":0,"k":[200,200,0]},"s":{"a":0,"k":[25,25,100]},"sk":{"a":0,"k":0},"p":{"a":1,"k":[{"o":{"x":0.167,"y":0.167},"i":{"x":0.833,"y":0.833},"s":[982.5,908,0],"t":0,"ti":[0,0,0],"to":[0,0,0]},{"s":[972.5,42,0],"t":27.9999377801123}]},"r":{"a":0,"k":0},"sa":{"a":0,"k":0},"o":{"a":0,"k":100}},"ef":[],"shapes":[{"ty":"gr","bm":0,"hd":false,"nm":"Group 1","it":[{"ty":"sh","bm":0,"hd":false,"nm":"Path 1","d":1,"ks":{"a":0,"k":{"c":true,"i":[[23.741,37.828],[9.653,8.804],[0,0],[9.358,-8.535],[26.405,-42.073],[-0.921,-8.31],[-23.245,-1.715],[0,0],[-25.053,1.849],[-1.133,10.226]],"o":[[-26.405,-42.073],[-9.358,-8.535],[0,0],[-9.653,8.804],[-23.742,37.828],[1.133,10.226],[25.054,1.849],[0,0],[23.245,-1.715],[0.922,-8.31]],"v":[[62.436,-3.283],[14.59,-67.564],[-0.001,-75.417],[-14.591,-67.564],[-62.437,-3.283],[-88.444,56.339],[-51.885,74.25],[-0.001,75.852],[51.884,74.25],[88.443,56.339]]}}},{"ty":"fl","bm":0,"hd":false,"nm":"Fill 1","c":{"a":0,"k":[0.6235,0.6275,1]},"r":1,"o":{"a":0,"k":100}},{"ty":"tr","a":{"a":0,"k":[0,0]},"s":{"a":0,"k":[100,100]},"sk":{"a":0,"k":0},"p":{"a":0,"k":[200.01,199.634]},"r":{"a":0,"k":0},"sa":{"a":0,"k":0},"o":{"a":0,"k":100}}]}],"ind":1}]},{"nm":"","id":"comp_0","layers":[{"ty":4,"nm":"way triangle Outlines 2","sr":1,"st":0,"op":896.998006741454,"ip":0,"hd":false,"ddd":0,"bm":0,"hasMask":false,"ao":0,"ks":{"a":{"a":0,"k":[200,200,0]},"s":{"a":0,"k":[25,25,100]},"sk":{"a":0,"k":0},"p":{"a":1,"k":[{"o":{"x":0.167,"y":0.167},"i":{"x":0.833,"y":0.833},"s":[982.5,908,0],"t":0,"ti":[0,0,0],"to":[0,0,0]},{"s":[972.5,42,0],"t":27.9999377801123}]},"r":{"a":0,"k":0},"sa":{"a":0,"k":0},"o":{"a":0,"k":100}},"ef":[],"shapes":[{"ty":"gr","bm":0,"hd":false,"nm":"Group 1","it":[{"ty":"sh","bm":0,"hd":false,"nm":"Path 1","d":1,"ks":{"a":0,"k":{"c":true,"i":[[23.741,37.828],[9.653,8.804],[0,0],[9.358,-8.535],[26.405,-42.073],[-0.921,-8.31],[-23.245,-1.715],[0,0],[-25.053,1.849],[-1.133,10.226]],"o":[[-26.405,-42.073],[-9.358,-8.535],[0,0],[-9.653,8.804],[-23.742,37.828],[1.133,10.226],[25.054,1.849],[0,0],[23.245,-1.715],[0.922,-8.31]],"v":[[62.436,-3.283],[14.59,-67.564],[-0.001,-75.417],[-14.591,-67.564],[-62.437,-3.283],[-88.444,56.339],[-51.885,74.25],[-0.001,75.852],[51.884,74.25],[88.443,56.339]]}}},{"ty":"fl","bm":0,"hd":false,"nm":"Fill 1","c":{"a":0,"k":[0,0.9608,0.4314]},"r":1,"o":{"a":0,"k":100}},{"ty":"tr","a":{"a":0,"k":[0,0]},"s":{"a":0,"k":[100,100]},"sk":{"a":0,"k":0},"p":{"a":0,"k":[200.01,199.634]},"r":{"a":0,"k":0},"sa":{"a":0,"k":0},"o":{"a":0,"k":100}}]}],"ind":1}]},{"nm":"","id":"comp_1","layers":[{"ty":4,"nm":"way triangle Outlines 2","sr":1,"st":0,"op":896.998006741454,"ip":0,"hd":false,"ddd":0,"bm":0,"hasMask":false,"ao":0,"ks":{"a":{"a":0,"k":[200,200,0]},"s":{"a":1,"k":[{"o":{"x":0.167,"y":0.167},"i":{"x":0.833,"y":1},"s":[0,0,100],"t":0},{"o":{"x":0.167,"y":0},"i":{"x":0.833,"y":0.833},"s":[98,98,100],"t":15},{"s":[0,0,100],"t":26.9999400022511}]},"sk":{"a":0,"k":0},"p":{"a":1,"k":[{"o":{"x":0.167,"y":0.167},"i":{"x":0.833,"y":0.833},"s":[982.5,908,0],"t":0,"ti":[0,0,0],"to":[0,0,0]},{"s":[972.5,42,0],"t":27.9999377801123}]},"r":{"a":0,"k":0},"sa":{"a":0,"k":0},"o":{"a":0,"k":100}},"ef":[],"shapes":[{"ty":"gr","bm":0,"hd":false,"nm":"Group 1","it":[{"ty":"sh","bm":0,"hd":false,"nm":"Path 1","d":1,"ks":{"a":0,"k":{"c":true,"i":[[23.741,37.828],[9.653,8.804],[0,0],[9.358,-8.535],[26.405,-42.073],[-0.921,-8.31],[-23.245,-1.715],[0,0],[-25.053,1.849],[-1.133,10.226]],"o":[[-26.405,-42.073],[-9.358,-8.535],[0,0],[-9.653,8.804],[-23.742,37.828],[1.133,10.226],[25.054,1.849],[0,0],[23.245,-1.715],[0.922,-8.31]],"v":[[62.436,-3.283],[14.59,-67.564],[-0.001,-75.417],[-14.591,-67.564],[-62.437,-3.283],[-88.444,56.339],[-51.885,74.25],[-0.001,75.852],[51.884,74.25],[88.443,56.339]]}}},{"ty":"fl","bm":0,"hd":false,"nm":"Fill 1","c":{"a":0,"k":[0,0.9608,0.4314]},"r":1,"o":{"a":0,"k":100}},{"ty":"tr","a":{"a":0,"k":[0,0]},"s":{"a":0,"k":[100,100]},"sk":{"a":0,"k":0},"p":{"a":0,"k":[200.01,199.634]},"r":{"a":0,"k":0},"sa":{"a":0,"k":0},"o":{"a":0,"k":100}}]}],"ind":1}]}]}